sample_id,regime,p1,p2,p3,p4,noise_type,noise_level,h1,h2,h3,h4,co01,co02,co03,co04,co05,co06,co07,co08,co09,co10,co11,co12,co13,co14,co15,co16
0,uniform,0.25,0.25,0.25,0.25,gaussian,1.5,0.17862165963431786,0.2335911861228317,0.23218471636193155,0.3556024378809189,0.023484848484848483,0.03101010101010101,0.029949494949494948,0.06818181818181818,0.03106060606060606,0.03782828282828283,0.03888888888888889,0.09176767676767676,0.03095959595959596,0.038686868686868686,0.039191919191919194,0.0890909090909091,0.06727272727272728,0.09186868686868686,0.0903030303030303,0.20045454545454544
1,uniform,0.25,0.25,0.25,0.25,gaussian,1.5,0.1753849770777007,0.23498295521335372,0.2362760079934172,0.3533560597155284,0.02202020202020202,0.029949494949494948,0.029949494949494948,0.06691919191919192,0.031464646464646466,0.03843434343434343,0.04015151515151515,0.0906060606060606,0.028131313131313132,0.041717171717171715,0.040757575757575756,0.09015151515151515,0.06762626262626263,0.08969696969696969,0.0901010101010101,0.20232323232323232
2,uniform,0.25,0.25,0.25,0.25,gaussian,1.5,0.17817841254975417,0.24104425193163193,0.22594240224771717,0.35483493327089677,0.02308080808080808,0.03196969696969697,0.029545454545454545,0.06727272727272728,0.033484848484848485,0.0401010101010101,0.03954545454545454,0.09287878787878788,0.02898989898989899,0.04035353535353536,0.03671717171717172,0.08717171717171718,0.06676767676767677,0.09358585858585859,0.08742424242424242,0.2011111111111111
3,uniform,0.25,0.25,0.25,0.25,gaussian,1.5,0.18752194779351516,0.2315345897225799,0.23024698583635725,0.3506964766475477,0.02585858585858586,0.03217171717171717,0.03232323232323232,0.07025252525252525,0.03262626262626263,0.03843434343434343,0.03888888888888889,0.08818181818181818,0.032373737373737374,0.039292929292929296,0.03782828282828283,0.08671717171717172,0.0691919191919192,0.08792929292929293,0.08777777777777777,0.20015151515151516
4,uniform,0.25,0.25,0.25,0.25,gaussian,1.5,0.18230877522290004,0.23287189113092444,0.22876583763491318,0.3560534960112623,0.025252525252525252,0.03,0.03232323232323232,0.06838383838383838,0.03080808080808081,0.039191919191919194,0.039696969696969696,0.08797979797979798,0.029646464646464647,0.03722222222222222,0.037070707070707073,0.09146464646464647,0.0697979797979798,0.09171717171717171,0.08621212121212121,0.20323232323232324
5,uniform,0.25,0.25,0.25,0.25,gaussian,1.5,0.18934980191097647,0.2315311116289909,0.22570496387788394,0.35341412258214866,0.026313131313131313,0.03116161616161616,0.03196969696969697,0.07358585858585859,0.032373737373737374,0.03984848484848485,0.03898989898989899,0.08702020202020203,0.03222222222222222,0.03722222222222222,0.037626262626262626,0.08606060606060606,0.07176767676767677,0.0901010101010101,0.08510101010101011,0.19863636363636364
6,uniform,0.25,0.25,0.25,0.25,gaussian,1.5,0.18515059537707215,0.23044594910109736,0.22927854307728227,0.3551249124445482,0.024444444444444446,0.031414141414141415,0.03313131313131313,0.06964646464646465,0.03227272727272727,0.038535353535353534,0.03747474747474747,0.08868686868686869,0.03156565656565657,0.03727272727272727,0.03848484848484848,0.0891919191919192,0.07025252525252525,0.0903030303030303,0.08727272727272728,0.20005050505050506
7,uniform,0.25,0.25,0.25,0.25,gaussian,1.5,0.18073128264654673,0.23203714451538016,0.23366221706326176,0.35356935577481136,0.02313131313131313,0.030707070707070707,0.031414141414141415,0.07075757575757576,0.02914141414141414,0.04040404040404041,0.03904040404040404,0.09126262626262627,0.03161616161616162,0.0405050505050505,0.04095959595959596,0.08767676767676767,0.07131313131313131,0.08823232323232323,0.0897979797979798,0.19404040404040404
8,uniform,0.25,0.25,0.25,0.25,gaussian,1.5,0.17844171060339778,0.237609841827768,0.23725834797891038,0.34669009958992386,0.023181818181818182,0.030656565656565656,0.030454545454545453,0.06787878787878789,0.031212121212121212,0.039292929292929296,0.041212121212121214,0.09085858585858586,0.03126262626262626,0.0398989898989899,0.040757575757575756,0.09065656565656566,0.06681818181818182,0.09292929292929293,0.0902020202020202,0.19272727272727272
9,uniform,0.25,0.25,0.25,0.25,gaussian,1.5,0.17839225294598063,0.23357834558394586,0.24046202310115505,0.34756737836891843,0.024444444444444446,0.03106060606060606,0.03232323232323232,0.065,0.028181818181818183,0.03939393939393939,0.042272727272727274,0.0902020202020202,0.03333333333333333,0.04111111111111111,0.041212121212121214,0.0902020202020202,0.06661616161616161,0.08863636363636364,0.09080808080808081,0.1952020202020202
10,class1_heavy,0.55,0.15,0.15,0.15,gaussian,1.5,0.2541037426132633,0.27393302692055155,0.21405121470781352,0.25791201575837164,0.03666666666666667,0.03904040404040404,0.03323232323232323,0.08474747474747475,0.04151515151515151,0.042828282828282827,0.033535353535353536,0.09095959595959596,0.03222222222222222,0.0353030303030303,0.02702020202020202,0.06797979797979797,0.08348484848484848,0.09166666666666666,0.06934343434343435,0.19045454545454546
11,class1_heavy,0.55,0.15,0.15,0.15,gaussian,1.5,0.2526630293582749,0.26851130163678877,0.217329176409457,0.26149649259547936,0.03691919191919192,0.03934343434343434,0.03085858585858586,0.08727272727272728,0.040606060606060604,0.04292929292929293,0.03368686868686869,0.08914141414141415,0.033383838383838384,0.03580808080808081,0.029747474747474748,0.06838383838383838,0.08398989898989899,0.08868686868686869,0.07303030303030303,0.18621212121212122
12,class1_heavy,0.55,0.15,0.15,0.15,gaussian,1.5,0.2528075215460956,0.2626012013580569,0.21650561504309218,0.2680856620527553,0.03772727272727273,0.04090909090909091,0.03116161616161616,0.08358585858585858,0.038585858585858585,0.039292929292929296,0.03575757575757576,0.08757575757575757,0.031818181818181815,0.03262626262626263,0.02873737373737374,0.07262626262626262,0.08515151515151514,0.08893939393939394,0.0702020202020202,0.1953030303030303
13,class1_heavy,0.55,0.15,0.15,0.15,gaussian,1.5,0.25285096342902086,0.2659588412635994,0.21863940228077075,0.262550793026609,0.03696969696969697,0.03681818181818182,0.03308080808080808,0.08626262626262626,0.039595959595959594,0.041262626262626265,0.03323232323232323,0.0893939393939394,0.03323232323232323,0.033535353535353536,0.026111111111111113,0.07328282828282828,0.08272727272727273,0.09161616161616161,0.07414141414141415,0.18873737373737373
14,class1_heavy,0.55,0.15,0.15,0.15,gaussian,1.5,0.2539328788673309,0.26900891452543263,0.21316203460933403,0.26389617199790244,0.036060606060606064,0.04045454545454545,0.03106060606060606,0.08611111111111111,0.039595959595959594,0.041767676767676766,0.03318181818181818,0.09090909090909091,0.03227272727272727,0.03429292929292929,0.026767676767676767,0.06934343434343435,0.08606060606060606,0.08863636363636364,0.07106060606060606,0.19242424242424241
15,class1_heavy,0.55,0.15,0.15,0.15,gaussian,1.5,0.2602577590741715,0.26564965807469754,0.21212519726459758,0.26196738558653343,0.038181818181818185,0.04106060606060606,0.031464646464646466,0.08691919191919192,0.041616161616161614,0.04005050505050505,0.03196969696969697,0.08883838383838384,0.03308080808080808,0.03191919191919192,0.026363636363636363,0.0701010101010101,0.08505050505050506,0.08904040404040404,0.07176767676767677,0.19257575757575757
16,class1_heavy,0.55,0.15,0.15,0.15,gaussian,1.5,0.26067708333333334,0.271484375,0.21015625,0.2576822916666667,0.04151515151515151,0.042676767676767674,0.03373737373737374,0.08232323232323233,0.0405050505050505,0.04358585858585859,0.03388888888888889,0.0903030303030303,0.03282828282828283,0.03227272727272727,0.025353535353535354,0.07156565656565657,0.08535353535353535,0.08984848484848484,0.06843434343434343,0.1858080808080808
17,class1_heavy,0.55,0.15,0.15,0.15,gaussian,1.5,0.25446133509583607,0.27825512227362853,0.21044282881692003,0.25684071381361534,0.038131313131313134,0.0401010101010101,0.03015151515151515,0.08419191919191919,0.04085858585858586,0.04505050505050505,0.03297979797979798,0.09151515151515152,0.029191919191919193,0.033383838383838384,0.025404040404040405,0.07136363636363637,0.0842929292929293,0.09232323232323232,0.07025252525252525,0.19080808080808082
18,class1_heavy,0.55,0.15,0.15,0.15,gaussian,1.5,0.26265533028122956,0.26265533028122956,0.21294964028776978,0.2617396991497711,0.04040404040404041,0.039646464646464645,0.03262626262626263,0.08858585858585859,0.04217171717171717,0.040606060606060604,0.03212121212121212,0.08575757575757575,0.032474747474747476,0.03227272727272727,0.02585858585858586,0.07186868686868687,0.0856060606060606,0.08803030303030303,0.07252525252525252,0.18944444444444444
19,class1_heavy,0.55,0.15,0.15,0.15,gaussian,1.5,0.2598840274117027,0.26858197153400104,0.21151818661043753,0.26001581444385874,0.039242424242424245,0.0401010101010101,0.03257575757575758,0.085,0.04181818181818182,0.04252525252525253,0.03222222222222222,0.08747474747474747,0.03101010101010101,0.03151515151515152,0.026818181818181817,0.07151515151515152,0.08515151515151514,0.08984848484848484,0.06914141414141414,0.19404040404040404
20,class2_heavy,0.15,0.55,0.15,0.15,gaussian,1.5,0.21382466846614248,0.2533740171341392,0.23635723506630676,0.29644407933341155,0.03409090909090909,0.04090909090909091,0.03833333333333333,0.06909090909090909,0.03883838383838384,0.04782828282828283,0.042727272727272725,0.08661616161616162,0.036515151515151514,0.041666666666666664,0.042272727272727274,0.0809090909090909,0.07252525252525252,0.0855050505050505,0.07803030303030303,0.16414141414141414
21,class2_heavy,0.15,0.55,0.15,0.15,gaussian,1.5,0.21107591223747507,0.2636395635339669,0.24240290977355392,0.2828816144550041,0.03363636363636364,0.04080808080808081,0.038131313131313134,0.06722222222222222,0.04015151515151515,0.05146464646464646,0.04732323232323232,0.08595959595959596,0.03696969696969697,0.04525252525252525,0.043383838383838386,0.08070707070707071,0.0692929292929293,0.08681818181818182,0.07792929292929293,0.15494949494949495
22,class2_heavy,0.15,0.55,0.15,0.15,gaussian,1.5,0.20480075676954002,0.2641598675653305,0.2387371408300816,0.2923022348350479,0.030353535353535355,0.04055555555555555,0.035555555555555556,0.06656565656565656,0.03732323232323232,0.05191919191919192,0.04616161616161616,0.08833333333333333,0.03686868686868687,0.040606060606060604,0.040757575757575756,0.08333333333333333,0.06868686868686869,0.0903030303030303,0.0794949494949495,0.16318181818181818
23,class2_heavy,0.15,0.55,0.15,0.15,gaussian,1.5,0.21291079812206573,0.2619718309859155,0.2353286384976526,0.2897887323943662,0.03282828282828283,0.04045454545454545,0.03666666666666667,0.07176767676767677,0.039696969696969696,0.04934343434343434,0.04878787878787879,0.08555555555555555,0.03641414141414141,0.045858585858585856,0.040202020202020204,0.07767676767676768,0.07292929292929293,0.08747474747474747,0.07494949494949495,0.1593939393939394
24,class2_heavy,0.15,0.55,0.15,0.15,gaussian,1.5,0.20614913417363648,0.26587348333137,0.24302037931440687,0.28495700318058664,0.03202020202020202,0.03848484848484848,0.03636363636363636,0.06792929292929292,0.03949494949494949,0.05227272727272727,0.04606060606060606,0.08757575757575757,0.03358585858585859,0.047474747474747475,0.04085858585858586,0.08404040404040404,0.07005050505050504,0.08742424242424242,0.08297979797979797,0.15338383838383837
25,class2_heavy,0.15,0.55,0.15,0.15,gaussian,1.5,0.20831860492517967,0.2642865559090373,0.24260633910686932,0.28478850005891365,0.029696969696969697,0.03909090909090909,0.037626262626262626,0.0704040404040404,0.04116161616161616,0.049595959595959596,0.04398989898989899,0.088989898989899,0.037626262626262626,0.04762626262626263,0.04262626262626262,0.07838383838383839,0.06792929292929292,0.08797979797979798,0.08202020202020202,0.15525252525252525
26,class2_heavy,0.15,0.55,0.15,0.15,gaussian,1.5,0.2062529719448407,0.2627199239182121,0.23478364241559677,0.29624346172135047,0.029545454545454545,0.03843434343434343,0.03398989898989899,0.07176767676767677,0.03883838383838384,0.04808080808080808,0.042323232323232325,0.09156565656565657,0.03439393939393939,0.0445959595959596,0.03843434343434343,0.07984848484848485,0.07090909090909091,0.09015151515151515,0.08262626262626263,0.1644949494949495
27,class2_heavy,0.15,0.55,0.15,0.15,gaussian,1.5,0.21217086015213577,0.2607372732592159,0.23510825043885314,0.2919836161497952,0.03409090909090909,0.040303030303030306,0.03691919191919192,0.06994949494949496,0.04116161616161616,0.050101010101010104,0.043838383838383836,0.08762626262626262,0.03570707070707071,0.044797979797979795,0.040757575757575756,0.0796969696969697,0.07025252525252525,0.08762626262626262,0.07898989898989899,0.15818181818181817
28,class2_heavy,0.15,0.55,0.15,0.15,gaussian,1.5,0.2098488427019367,0.25873878129428435,0.23984411903637223,0.2915682569674067,0.029242424242424243,0.03893939393939394,0.03803030303030303,0.07166666666666667,0.03974747474747475,0.04818181818181818,0.04363636363636364,0.08712121212121213,0.03580808080808081,0.04414141414141414,0.04257575757575757,0.08015151515151515,0.07267676767676767,0.08818181818181818,0.07919191919191919,0.16070707070707071
29,class2_heavy,0.15,0.55,0.15,0.15,gaussian,1.5,0.20375586854460093,0.265962441314554,0.23896713615023474,0.29131455399061035,0.028585858585858586,0.039646464646464645,0.03777777777777778,0.06782828282828283,0.04085858585858586,0.050555555555555555,0.04353535353535354,0.09176767676767676,0.03626262626262626,0.04560606060606061,0.04095959595959596,0.08065656565656566,0.06797979797979797,0.09090909090909091,0.0809090909090909,0.15616161616161617
30,class3_heavy,0.15,0.15,0.55,0.15,gaussian,1.5,0.1590070446159007,0.22732863692273286,0.2542770882254277,0.3593872302359387,0.02025252525252525,0.0298989898989899,0.03176767676767677,0.059848484848484845,0.028383838383838383,0.040656565656565655,0.04722222222222222,0.08727272727272728,0.031868686868686866,0.046363636363636364,0.052222222222222225,0.09707070707070707,0.06156565656565657,0.08616161616161616,0.09641414141414141,0.18303030303030304
31,class3_heavy,0.15,0.15,0.55,0.15,gaussian,1.5,0.15092217723796672,0.22660818713450293,0.24977507872244714,0.37269455690508324,0.01691919191919192,0.026717171717171716,0.03085858585858586,0.0603030303030303,0.028383838383838383,0.039595959595959594,0.045808080808080805,0.08772727272727272,0.029949494949494948,0.044444444444444446,0.049545454545454545,0.09808080808080807,0.058838383838383836,0.09045454545454545,0.09565656565656566,0.1967171717171717
32,class3_heavy,0.15,0.15,0.55,0.15,gaussian,1.5,0.15418157423971376,0.22361359570661896,0.2506708407871199,0.3715339892665474,0.01904040404040404,0.02696969696969697,0.030404040404040406,0.06126262626262626,0.02797979797979798,0.03702020202020202,0.04702020202020202,0.08803030303030303,0.03095959595959596,0.0451010101010101,0.048484848484848485,0.1,0.059848484848484845,0.09095959595959596,0.09782828282828283,0.1890909090909091
33,class3_heavy,0.15,0.15,0.55,0.15,gaussian,1.5,0.15187598292518537,0.2263536283981128,0.2554482138845203,0.36632217479218154,0.018383838383838384,0.029595959595959596,0.03106060606060606,0.05611111111111111,0.027121212121212122,0.040202020202020204,0.0446969696969697,0.0891919191919192,0.028434343434343434,0.047525252525252526,0.05136363636363636,0.10010101010101011,0.06136363636363636,0.0842929292929293,0.1003030303030303,0.19025252525252526
34,class3_heavy,0.15,0.15,0.55,0.15,gaussian,1.5,0.15698587127158556,0.22785377887418704,0.2477012783135232,0.3674590715407042,0.01914141414141414,0.028535353535353535,0.031363636363636364,0.06101010101010101,0.02904040404040404,0.040656565656565655,0.044393939393939395,0.0890909090909091,0.031212121212121212,0.04393939393939394,0.04909090909090909,0.09616161616161616,0.06070707070707071,0.0898989898989899,0.09616161616161616,0.1895959595959596
35,class3_heavy,0.15,0.15,0.55,0.15,gaussian,1.5,0.1515763491529227,0.22674744754852463,0.2561427128912824,0.3655334904072703,0.019848484848484848,0.028686868686868688,0.031212121212121212,0.055202020202020204,0.027525252525252526,0.039646464646464645,0.046919191919191916,0.08792929292929293,0.029393939393939392,0.047373737373737373,0.05136363636363636,0.1006060606060606,0.05848484848484849,0.08646464646464647,0.09863636363636363,0.1907070707070707
36,class3_heavy,0.15,0.15,0.55,0.15,gaussian,1.5,0.1501066576849669,0.2370046031211407,0.24542494667115752,0.3674637925227349,0.01787878787878788,0.027626262626262627,0.02914141414141414,0.05914141414141414,0.027626262626262627,0.048434343434343434,0.04681818181818182,0.08883838383838384,0.03,0.044393939393939395,0.04671717171717172,0.09717171717171717,0.05823232323232323,0.09070707070707071,0.096010101010101,0.19126262626262627
37,class3_heavy,0.15,0.15,0.55,0.15,gaussian,1.5,0.15436013590033976,0.22197055492638731,0.2546998867497169,0.36896942242355607,0.01914141414141414,0.025606060606060604,0.030404040404040406,0.060505050505050506,0.027121212121212122,0.038585858585858585,0.04297979797979798,0.08737373737373737,0.030353535353535355,0.04323232323232323,0.051565656565656565,0.10005050505050506,0.0597979797979798,0.08828282828282828,0.10010101010101011,0.1948989898989899
38,class3_heavy,0.15,0.15,0.55,0.15,gaussian,1.5,0.15708683473389357,0.22397759103641457,0.25669467787114847,0.3622408963585434,0.0198989898989899,0.02909090909090909,0.031414141414141415,0.0597979797979798,0.029242424242424243,0.03792929292929293,0.04606060606060606,0.08666666666666667,0.03101010101010101,0.04828282828282828,0.053282828282828286,0.09671717171717172,0.06025252525252525,0.08419191919191919,0.09833333333333333,0.18782828282828282
39,class3_heavy,0.15,0.15,0.55,0.15,gaussian,1.5,0.15628856726130372,0.21979131605520028,0.25737686525300124,0.36654325143049477,0.02025252525252525,0.02595959595959596,0.030707070707070707,0.06257575757575758,0.02666666666666667,0.039191919191919194,0.04575757575757576,0.0844949494949495,0.03328282828282828,0.044848484848484846,0.05095959595959596,0.1,0.05914141414141414,0.08575757575757575,0.10171717171717172,0.18868686868686868
40,class4_heavy,0.15,0.15,0.15,0.55,gaussian,1.5,0.11330595938297636,0.18466318943513482,0.22749972256131396,0.47453112862057484,0.01101010101010101,0.01717171717171717,0.021616161616161617,0.05232323232323232,0.01707070707070707,0.027121212121212122,0.03277777777777778,0.08944444444444444,0.021515151515151515,0.03368686868686869,0.04212121212121212,0.10818181818181818,0.05242424242424242,0.08823232323232323,0.10803030303030303,0.2772727272727273
41,class4_heavy,0.15,0.15,0.15,0.55,gaussian,1.5,0.11772457720184494,0.17900285526026796,0.2149132440149352,0.4883593235229519,0.011717171717171718,0.017424242424242425,0.021111111111111112,0.05696969696969697,0.017777777777777778,0.02696969696969697,0.03217171717171717,0.08606060606060606,0.02090909090909091,0.03101010101010101,0.03732323232323232,0.10641414141414142,0.05702020202020202,0.08727272727272728,0.1048989898989899,0.28494949494949495
42,class4_heavy,0.15,0.15,0.15,0.55,gaussian,1.5,0.12018065653227583,0.1784534038334435,0.22020268781669972,0.48116325181758096,0.01202020202020202,0.018030303030303032,0.020606060606060607,0.05858585858585859,0.017474747474747476,0.025454545454545455,0.03297979797979798,0.08595959595959596,0.021717171717171718,0.03151515151515152,0.040303030303030306,0.10641414141414142,0.05757575757575758,0.08722222222222223,0.10621212121212122,0.2779292929292929
43,class4_heavy,0.15,0.15,0.15,0.55,gaussian,1.5,0.12333882482152664,0.17913234486545854,0.22273476112026358,0.47479406919275124,0.01207070707070707,0.019292929292929292,0.02196969696969697,0.05863636363636364,0.01691919191919192,0.02484848484848485,0.03434343434343434,0.08727272727272728,0.024444444444444446,0.034545454545454546,0.039292929292929296,0.1043939393939394,0.05904040404040404,0.08434343434343435,0.10732323232323232,0.27126262626262626
44,class4_heavy,0.15,0.15,0.15,0.55,gaussian,1.5,0.11684722529294717,0.17676321025867786,0.22783550740658856,0.47855405704178644,0.010555555555555556,0.017222222222222222,0.022171717171717172,0.05606060606060606,0.01611111111111111,0.024292929292929293,0.03494949494949495,0.0848989898989899,0.021161616161616163,0.03398989898989899,0.041717171717171715,0.10919191919191919,0.05757575757575758,0.08434343434343435,0.10767676767676768,0.2780808080808081
45,class4_heavy,0.15,0.15,0.15,0.55,gaussian,1.5,0.11578947368421053,0.18103070175438596,0.22149122807017543,0.4816885964912281,0.010454545454545454,0.018737373737373737,0.021363636363636362,0.0551010101010101,0.018636363636363635,0.02722222222222222,0.03409090909090909,0.0846969696969697,0.022272727272727274,0.032878787878787875,0.038181818181818185,0.1087878787878788,0.054191919191919194,0.08636363636363636,0.10828282828282829,0.27873737373737373
46,class4_heavy,0.15,0.15,0.15,0.55,gaussian,1.5,0.11864406779661017,0.1865500273373428,0.219901585565883,0.474904319300164,0.012575757575757575,0.018737373737373737,0.020656565656565658,0.055757575757575756,0.01898989898989899,0.029393939393939392,0.03323232323232323,0.0892929292929293,0.02005050505050505,0.03393939393939394,0.04106060606060606,0.10646464646464647,0.05696969696969697,0.08853535353535354,0.10580808080808081,0.2685353535353535
47,class4_heavy,0.15,0.15,0.15,0.55,gaussian,1.5,0.11451222197753799,0.18641268443074213,0.22417969610218014,0.47489539748953974,0.010808080808080808,0.017727272727272727,0.021212121212121213,0.054343434343434346,0.01797979797979798,0.027777777777777776,0.03434343434343434,0.088989898989899,0.021161616161616163,0.03434343434343434,0.041767676767676766,0.10661616161616162,0.05383838383838384,0.08959595959595959,0.10611111111111111,0.2733838383838384
48,class4_heavy,0.15,0.15,0.15,0.55,gaussian,1.5,0.12202904929577464,0.1817781690140845,0.22513204225352113,0.4710607394366197,0.012727272727272728,0.017727272727272727,0.02176767676767677,0.05868686868686869,0.018333333333333333,0.027878787878787878,0.03267676767676768,0.08681818181818182,0.022171717171717172,0.03474747474747475,0.045,0.10257575757575757,0.057727272727272724,0.0848989898989899,0.10515151515151515,0.27111111111111114
49,class4_heavy,0.15,0.15,0.15,0.55,gaussian,1.5,0.12251619277637502,0.17619936326709848,0.21890438028323636,0.48238006367329017,0.012626262626262626,0.018737373737373737,0.02202020202020202,0.058333333333333334,0.02,0.026262626262626262,0.03116161616161616,0.08323232323232323,0.0198989898989899,0.032525252525252527,0.04196969696969697,0.10484848484848484,0.058787878787878785,0.08323232323232323,0.10404040404040404,0.2823232323232323
50,bimodal_1_3,0.4,0.1,0.4,0.1,gaussian,1.5,0.21576560009807527,0.26149319602795146,0.227902415103592,0.2948387887703813,0.029747474747474748,0.03878787878787879,0.03358585858585859,0.0740909090909091,0.03893939393939394,0.044393939393939395,0.04040404040404041,0.08974747474747474,0.03313131313131313,0.04055555555555555,0.033484848484848485,0.07838383838383839,0.07333333333333333,0.0901010101010101,0.07833333333333334,0.182979797979798
51,bimodal_1_3,0.4,0.1,0.4,0.1,gaussian,1.5,0.21405789990186458,0.2470559371933268,0.23098626104023554,0.3078999018645731,0.031363636363636364,0.03464646464646465,0.033383838383838384,0.07484848484848484,0.03393939393939394,0.041313131313131315,0.03747474747474747,0.08868686868686869,0.03282828282828283,0.037525252525252524,0.03585858585858586,0.08257575757575758,0.07641414141414142,0.08792929292929293,0.0809090909090909,0.1903030303030303
52,bimodal_1_3,0.4,0.1,0.4,0.1,gaussian,1.5,0.20922549859292794,0.2565765324850116,0.23553162853297444,0.298666340389086,0.029545454545454545,0.0345959595959596,0.03328282828282828,0.07338383838383838,0.03368686868686869,0.04575757575757576,0.040757575757575756,0.08949494949494949,0.033484848484848485,0.041363636363636366,0.03626262626262626,0.08131313131313131,0.0742929292929293,0.08792929292929293,0.08237373737373738,0.18247474747474748
53,bimodal_1_3,0.4,0.1,0.4,0.1,gaussian,1.5,0.21344165435745938,0.249753815854259,0.23325947808961103,0.30354505169867063,0.02914141414141414,0.034444444444444444,0.032424242424242425,0.07742424242424242,0.03303030303030303,0.04116161616161616,0.040757575757575756,0.08808080808080808,0.03358585858585859,0.039191919191919194,0.03565656565656566,0.08085858585858585,0.07772727272727273,0.08792929292929293,0.08075757575757576,0.18782828282828282
54,bimodal_1_3,0.4,0.1,0.4,0.1,gaussian,1.5,0.21747668139420717,0.2540500736377025,0.22778595974472263,0.3006872852233677,0.030353535353535355,0.03727272727272727,0.033434343434343435,0.07580808080808081,0.03722222222222222,0.04111111111111111,0.037575757575757575,0.09146464646464647,0.03368686868686869,0.03878787878787879,0.03414141414141414,0.07909090909090909,0.07606060606060606,0.08969696969696969,0.08035353535353536,0.18393939393939393
55,bimodal_1_3,0.4,0.1,0.4,0.1,gaussian,1.5,0.21622613803230542,0.2488986784140969,0.2356828193832599,0.29919236417033773,0.03090909090909091,0.03494949494949495,0.03414141414141414,0.07666666666666666,0.036060606060606064,0.04156565656565656,0.039191919191919194,0.08595959595959596,0.032929292929292926,0.03883838383838384,0.03808080808080808,0.08313131313131313,0.07707070707070707,0.08853535353535354,0.08050505050505051,0.18146464646464647
56,bimodal_1_3,0.4,0.1,0.4,0.1,gaussian,1.5,0.20427872860635696,0.2617359413202934,0.22946210268948655,0.30452322738386306,0.029191919191919193,0.03601010101010101,0.03080808080808081,0.07136363636363637,0.036616161616161616,0.047525252525252526,0.04,0.08949494949494949,0.03095959595959596,0.04055555555555555,0.036464646464646464,0.07984848484848485,0.07045454545454545,0.0902020202020202,0.08005050505050505,0.19045454545454546
57,bimodal_1_3,0.4,0.1,0.4,0.1,gaussian,1.5,0.2085640457733481,0.25975144579795745,0.2339116525163037,0.2977728559123908,0.027878787878787878,0.03474747474747475,0.03085858585858586,0.07585858585858586,0.03737373737373737,0.04525252525252525,0.0398989898989899,0.08808080808080808,0.03267676767676768,0.040202020202020204,0.03696969696969697,0.08085858585858585,0.07171717171717172,0.09111111111111111,0.08217171717171717,0.18434343434343434
58,bimodal_1_3,0.4,0.1,0.4,0.1,gaussian,1.5,0.21659548505186088,0.2474679682733374,0.22916412446613788,0.3067724222086638,0.03207070707070707,0.03535353535353535,0.03409090909090909,0.07616161616161617,0.03439393939393939,0.04388888888888889,0.037070707070707073,0.08737373737373737,0.03398989898989899,0.038131313131313134,0.036060606060606064,0.07944444444444444,0.07696969696969697,0.08510101010101011,0.0809090909090909,0.18898989898989899
59,bimodal_1_3,0.4,0.1,0.4,0.1,gaussian,1.5,0.2150721800831906,0.24235380474675802,0.23929532664546121,0.30327868852459017,0.030404040404040406,0.035505050505050505,0.03565656565656566,0.07439393939393939,0.03277777777777778,0.03898989898989899,0.040252525252525255,0.08626262626262626,0.03505050505050505,0.040303030303030306,0.03702020202020202,0.08292929292929294,0.07732323232323232,0.08373737373737374,0.08232323232323233,0.18707070707070708
60,bimodal_1_4,0.4,0.1,0.1,0.4,gaussian,1.5,0.1825511432009627,0.2111913357400722,0.21600481347773767,0.39025270758122743,0.022373737373737372,0.026414141414141414,0.026767676767676767,0.07631313131313132,0.027171717171717173,0.030505050505050504,0.031313131313131314,0.08661616161616162,0.02722222222222222,0.03227272727272727,0.031414141414141415,0.08883838383838384,0.0753030303030303,0.08646464646464647,0.0893939393939394,0.24161616161616162
61,bimodal_1_4,0.4,0.1,0.1,0.4,gaussian,1.5,0.18148864185596908,0.2126631222812953,0.2210004833252779,0.38484775253745773,0.021565656565656566,0.025,0.02722222222222222,0.07631313131313132,0.027121212121212122,0.030757575757575758,0.03171717171717172,0.08621212121212121,0.02696969696969697,0.03515151515151515,0.03217171717171717,0.08853535353535354,0.07469696969696969,0.0853030303030303,0.09161616161616161,0.23964646464646464
62,bimodal_1_4,0.4,0.1,0.1,0.4,gaussian,1.5,0.18407658749394087,0.21182743577314592,0.21619001454192924,0.387905962190984,0.023181818181818182,0.027424242424242424,0.027626262626262627,0.07328282828282828,0.025353535353535354,0.03191919191919192,0.031363636363636364,0.08565656565656565,0.02616161616161616,0.03196969696969697,0.030404040404040406,0.09005050505050505,0.07732323232323232,0.08348484848484848,0.08914141414141415,0.24565656565656566
63,bimodal_1_4,0.4,0.1,0.1,0.4,gaussian,1.5,0.1774583232664895,0.20838366755254892,0.21853104614641217,0.3956269630345494,0.021262626262626264,0.023585858585858585,0.026464646464646465,0.0754040404040404,0.024393939393939395,0.0301010101010101,0.03262626262626263,0.08555555555555555,0.027828282828282827,0.03191919191919192,0.03126262626262626,0.08954545454545454,0.07363636363636364,0.08686868686868687,0.09080808080808081,0.24873737373737373
64,bimodal_1_4,0.4,0.1,0.1,0.4,gaussian,1.5,0.1881914381914382,0.20683020683020684,0.21428571428571427,0.3906926406926407,0.024646464646464646,0.02585858585858586,0.027626262626262627,0.07782828282828283,0.02696969696969697,0.02898989898989899,0.030555555555555555,0.08555555555555555,0.0248989898989899,0.03090909090909091,0.03262626262626263,0.08974747474747474,0.08015151515151515,0.08651515151515152,0.08712121212121213,0.24
65,bimodal_1_4,0.4,0.1,0.1,0.4,gaussian,1.5,0.1791385948026949,0.2115014436958614,0.21005774783445622,0.3993022136669875,0.021717171717171718,0.02702020202020202,0.024797979797979798,0.0752020202020202,0.026262626262626262,0.0297979797979798,0.031868686868686866,0.08803030303030303,0.024696969696969696,0.03085858585858586,0.0297979797979798,0.0890909090909091,0.07641414141414142,0.08808080808080808,0.08772727272727272,0.24863636363636363
66,bimodal_1_4,0.4,0.1,0.1,0.4,gaussian,1.5,0.18398943831012962,0.21015362457993278,0.2071531445031205,0.3987037926068171,0.022323232323232325,0.026060606060606062,0.027323232323232322,0.07762626262626263,0.027525252525252526,0.030252525252525253,0.029747474747474748,0.08707070707070708,0.027575757575757576,0.03106060606060606,0.02893939393939394,0.08545454545454545,0.07575757575757576,0.08782828282828282,0.08666666666666667,0.24878787878787878
67,bimodal_1_4,0.4,0.1,0.1,0.4,gaussian,1.5,0.1808729295127554,0.21569338653125378,0.2132752992383025,0.3901583847176883,0.02176767676767677,0.026313131313131313,0.025505050505050506,0.07575757575757576,0.029393939393939392,0.03106060606060606,0.031414141414141415,0.08676767676767677,0.025404040404040405,0.030656565656565656,0.03277777777777778,0.08762626262626262,0.07313131313131313,0.0902020202020202,0.08641414141414142,0.2458080808080808
68,bimodal_1_4,0.4,0.1,0.1,0.4,gaussian,1.5,0.1906999156728105,0.21202264787375016,0.20937236477532828,0.38790507167811106,0.024343434343434344,0.028585858585858586,0.02707070707070707,0.07853535353535354,0.02666666666666667,0.030454545454545453,0.029393939393939392,0.0897979797979798,0.027626262626262627,0.03126262626262626,0.0301010101010101,0.0845959595959596,0.07954545454545454,0.0853030303030303,0.08737373737373737,0.23934343434343433
69,bimodal_1_4,0.4,0.1,0.1,0.4,gaussian,1.5,0.1880794701986755,0.2102347983142685,0.21107766405779652,0.39060806742925946,0.02383838383838384,0.02803030303030303,0.027525252525252526,0.07651515151515151,0.026111111111111113,0.02898989898989899,0.03095959595959596,0.08878787878787879,0.02797979797979798,0.031868686868686866,0.030252525252525253,0.08590909090909091,0.07853535353535354,0.08555555555555555,0.08651515151515152,0.24262626262626263
70,bimodal_1_2,0.4,0.4,0.1,0.1,gaussian,1.5,0.2584903242342689,0.27450980392156865,0.2367038318595412,0.2302960399846213,0.040606060606060604,0.042222222222222223,0.036464646464646464,0.08207070707070707,0.04323232323232323,0.04606060606060606,0.04085858585858586,0.0844949494949495,0.036616161616161616,0.038686868686868686,0.03494949494949495,0.07484848484848484,0.081010101010101,0.08742424242424242,0.07252525252525252,0.15792929292929292
71,bimodal_1_2,0.4,0.4,0.1,0.1,gaussian,1.5,0.2561835191592977,0.2896321927463796,0.2228630014097142,0.2313212866846085,0.03984848484848485,0.04727272727272727,0.03515151515151515,0.07767676767676768,0.045808080808080805,0.052171717171717175,0.03747474747474747,0.09055555555555556,0.03515151515151515,0.03888888888888889,0.029545454545454545,0.0701010101010101,0.07888888888888888,0.08782828282828282,0.07207070707070708,0.16156565656565658
72,bimodal_1_2,0.4,0.4,0.1,0.1,gaussian,1.5,0.2622595847662718,0.2804738249904471,0.22825117819386065,0.22901541204942047,0.043434343434343436,0.044292929292929294,0.03808080808080808,0.07974747474747475,0.04414141414141414,0.04732323232323232,0.039242424242424245,0.08949494949494949,0.035606060606060606,0.04095959595959596,0.03095959595959596,0.07196969696969698,0.08247474747474748,0.08757575757575757,0.07101010101010101,0.15368686868686868
73,bimodal_1_2,0.4,0.4,0.1,0.1,gaussian,1.5,0.2597385955920041,0.28382880574064584,0.2225781650435674,0.23385443362378266,0.04207070707070707,0.042373737373737376,0.036464646464646464,0.08191919191919192,0.04404040404040404,0.04893939393939394,0.040202020202020204,0.08828282828282828,0.03404040404040404,0.041212121212121214,0.02893939393939394,0.0691919191919192,0.08282828282828283,0.08934343434343435,0.06777777777777778,0.16237373737373736
74,bimodal_1_2,0.4,0.4,0.1,0.1,gaussian,1.5,0.2631309249295414,0.28209069946195237,0.22572380220343324,0.22905457340507301,0.04257575757575757,0.04308080808080808,0.03732323232323232,0.08217171717171717,0.04515151515151515,0.04838383838383838,0.03909090909090909,0.08823232323232323,0.03601010101010101,0.04090909090909091,0.030303030303030304,0.06888888888888889,0.08161616161616161,0.08808080808080808,0.0698989898989899,0.15828282828282828
75,bimodal_1_2,0.4,0.4,0.1,0.1,gaussian,1.5,0.26196248564501723,0.27880566543320146,0.22712772744672707,0.23210412147505424,0.04095959595959596,0.04631313131313131,0.03681818181818182,0.08171717171717172,0.04494949494949495,0.04702020202020202,0.04015151515151515,0.08651515151515152,0.03782828282828283,0.038585858585858585,0.03156565656565657,0.06984848484848485,0.08186868686868687,0.08661616161616162,0.0693939393939394,0.15984848484848485
76,bimodal_1_2,0.4,0.4,0.1,0.1,gaussian,1.5,0.24920250095699886,0.279826464208243,0.22955212453745055,0.24141891029730764,0.03843434343434343,0.043434343434343436,0.03494949494949495,0.07823232323232324,0.041767676767676766,0.04707070707070707,0.03974747474747475,0.09075757575757576,0.035454545454545454,0.04040404040404041,0.032373737373737374,0.07136363636363637,0.07934343434343434,0.08858585858585859,0.07282828282828283,0.16525252525252526
77,bimodal_1_2,0.4,0.4,0.1,0.1,gaussian,1.5,0.26856340903291653,0.2744322531257974,0.22926767032406226,0.2277366675172238,0.04388888888888889,0.04565656565656566,0.03848484848484848,0.08262626262626263,0.045353535353535354,0.047474747474747475,0.039292929292929296,0.08287878787878789,0.03843434343434343,0.039141414141414144,0.03156565656565657,0.07015151515151515,0.08242424242424243,0.08292929292929294,0.0705050505050505,0.1591919191919192
78,bimodal_1_2,0.4,0.4,0.1,0.1,gaussian,1.5,0.26146848602988954,0.29187784275503575,0.21910331384015594,0.22755035737491877,0.041666666666666664,0.045808080808080805,0.035,0.07888888888888888,0.0445959595959596,0.05121212121212121,0.03732323232323232,0.09136363636363637,0.03282828282828283,0.038131313131313134,0.02808080808080808,0.0693939393939394,0.08151515151515151,0.08949494949494949,0.06823232323232323,0.16646464646464645
79,bimodal_1_2,0.4,0.4,0.1,0.1,gaussian,1.5,0.26006625891946994,0.2823649337410805,0.2198012232415902,0.23776758409785934,0.04106060606060606,0.04247474747474748,0.0353030303030303,0.0848989898989899,0.045909090909090906,0.04838383838383838,0.03974747474747475,0.08772727272727272,0.035505050505050505,0.03949494949494949,0.028636363636363637,0.06868686868686869,0.08171717171717172,0.09106060606060606,0.06944444444444445,0.15994949494949495
80,bimodal_2_3,0.1,0.4,0.4,0.1,gaussian,1.5,0.17537654039251482,0.25136923779096304,0.24897307165677773,0.3242811501597444,0.023232323232323233,0.0346969696969697,0.03484848484848485,0.06095959595959596,0.03313131313131313,0.048434343434343434,0.048434343434343434,0.09025252525252525,0.032525252525252527,0.04616161616161616,0.04666666666666667,0.09272727272727273,0.0645959595959596,0.09131313131313132,0.08818181818181818,0.16383838383838384
81,bimodal_2_3,0.1,0.4,0.4,0.1,gaussian,1.5,0.18129988597491448,0.25689851767388827,0.24823261117445838,0.31356898517673887,0.025808080808080808,0.03616161616161616,0.03414141414141414,0.06272727272727273,0.03525252525252525,0.048484848484848485,0.05065656565656566,0.09085858585858586,0.033383838383838384,0.04904040404040404,0.04893939393939394,0.08621212121212121,0.06454545454545454,0.09191919191919191,0.08368686868686868,0.15818181818181817
82,bimodal_2_3,0.1,0.4,0.4,0.1,gaussian,1.5,0.18253521126760563,0.2508169014084507,0.24304225352112677,0.3236056338028169,0.025707070707070706,0.03696969696969697,0.0351010101010101,0.06414141414141414,0.03585858585858586,0.04762626262626263,0.04863636363636364,0.0906060606060606,0.03484848484848485,0.04964646464646465,0.04621212121212121,0.0855050505050505,0.06560606060606061,0.08797979797979798,0.08585858585858586,0.1596969696969697
83,bimodal_2_3,0.1,0.4,0.4,0.1,gaussian,1.5,0.1805618486633439,0.2510194834617127,0.25441776166742186,0.3140009062075215,0.02404040404040404,0.03686868686868687,0.0347979797979798,0.06393939393939393,0.03515151515151515,0.04863636363636364,0.04939393939393939,0.08797979797979798,0.03742424242424242,0.05025252525252525,0.04974747474747475,0.08707070707070708,0.06257575757575758,0.08590909090909091,0.09065656565656566,0.15555555555555556
84,bimodal_2_3,0.1,0.4,0.4,0.1,gaussian,1.5,0.18356009070294785,0.250453514739229,0.25170068027210885,0.3142857142857143,0.024343434343434344,0.03747474747474747,0.03691919191919192,0.06303030303030303,0.03631313131313131,0.0503030303030303,0.046363636363636364,0.08782828282828282,0.036515151515151514,0.04813131313131313,0.051111111111111114,0.08671717171717172,0.0647979797979798,0.0852020202020202,0.08762626262626262,0.15732323232323234
85,bimodal_2_3,0.1,0.4,0.4,0.1,gaussian,1.5,0.173908124009957,0.2562797012898846,0.2524326770762616,0.31737949762389683,0.025606060606060604,0.03434343434343434,0.03505050505050505,0.05858585858585859,0.03419191919191919,0.05181818181818182,0.05186868686868687,0.08858585858585859,0.03388888888888889,0.050606060606060606,0.04873737373737374,0.09005050505050505,0.0603030303030303,0.0902020202020202,0.08717171717171718,0.158989898989899
86,bimodal_2_3,0.1,0.4,0.4,0.1,gaussian,1.5,0.18680445151033387,0.2468771292300704,0.2524415171473995,0.3138769021121962,0.02904040404040404,0.03702020202020202,0.03666666666666667,0.06181818181818182,0.036464646464646464,0.04722222222222222,0.047373737373737373,0.08616161616161616,0.03409090909090909,0.049444444444444444,0.050050505050505054,0.08944444444444444,0.06505050505050505,0.08388888888888889,0.08777777777777777,0.15848484848484848
87,bimodal_2_3,0.1,0.4,0.4,0.1,gaussian,1.5,0.1836315969451727,0.2506554200387553,0.25407500284965234,0.3116379801664197,0.026111111111111113,0.035454545454545454,0.03742424242424242,0.062474747474747475,0.03525252525252525,0.04676767676767677,0.04792929292929293,0.08969696969696969,0.0353030303030303,0.051111111111111114,0.04712121212121212,0.0893939393939394,0.06464646464646465,0.08656565656565657,0.0905050505050505,0.15424242424242424
88,bimodal_2_3,0.1,0.4,0.4,0.1,gaussian,1.5,0.18212862834376778,0.2516789982925441,0.2522481502561184,0.3139442231075697,0.025353535353535354,0.034444444444444444,0.03732323232323232,0.06303030303030303,0.0346969696969697,0.05035353535353535,0.04813131313131313,0.08732323232323232,0.03787878787878788,0.05035353535353535,0.04813131313131313,0.08505050505050506,0.06212121212121212,0.08631313131313131,0.08762626262626262,0.16186868686868686
89,bimodal_2_3,0.1,0.4,0.4,0.1,gaussian,1.5,0.17890276027946397,0.25518268239606,0.2485396861756958,0.3173748711487802,0.02595959595959596,0.035454545454545454,0.03257575757575758,0.06222222222222222,0.03358585858585859,0.04873737373737374,0.05106060606060606,0.0890909090909091,0.03272727272727273,0.04833333333333333,0.046414141414141415,0.08984848484848484,0.06419191919191919,0.08984848484848484,0.08702020202020203,0.16292929292929292
90,bimodal_2_4,0.1,0.4,0.1,0.4,gaussian,1.5,0.15556303275011216,0.21982951996410946,0.22824136384028712,0.39636608344549124,0.019696969696969695,0.02691919191919192,0.02803030303030303,0.06444444444444444,0.027474747474747475,0.03803030303030303,0.039141414141414144,0.09181818181818181,0.028383838383838383,0.03974747474747475,0.042323232323232325,0.09267676767676768,0.06272727272727273,0.09136363636363637,0.0945959595959596,0.21262626262626264
91,bimodal_2_4,0.1,0.4,0.1,0.4,gaussian,1.5,0.14553780855579135,0.21177259019323133,0.23288283257008824,0.4098067686808891,0.018737373737373737,0.02484848484848485,0.026868686868686868,0.0597979797979798,0.023535353535353534,0.035606060606060606,0.04090909090909091,0.0898989898989899,0.028535353535353535,0.04,0.042777777777777776,0.09762626262626263,0.059494949494949496,0.0890909090909091,0.09762626262626263,0.22464646464646465
92,bimodal_2_4,0.1,0.4,0.1,0.4,gaussian,1.5,0.15631691648822268,0.20444043728164094,0.2216837597205004,0.41755888650963596,0.018636363636363635,0.025808080808080808,0.028181818181818183,0.066010101010101,0.026060606060606062,0.03222222222222222,0.03636363636363636,0.08676767676767677,0.02878787878787879,0.03590909090909091,0.03797979797979798,0.09398989898989898,0.06525252525252526,0.08762626262626262,0.09409090909090909,0.2363131313131313
93,bimodal_2_4,0.1,0.4,0.1,0.4,gaussian,1.5,0.15223008650713404,0.2227839568587799,0.22705314009661837,0.3979328165374677,0.018686868686868686,0.026060606060606062,0.02727272727272727,0.06383838383838383,0.02727272727272727,0.03803030303030303,0.03848484848484848,0.09439393939393939,0.02585858585858586,0.042373737373737376,0.04055555555555555,0.09272727272727273,0.06378787878787878,0.09232323232323232,0.09575757575757576,0.21257575757575758
94,bimodal_2_4,0.1,0.4,0.1,0.4,gaussian,1.5,0.1525708524700347,0.2160860311414809,0.23132071244539038,0.40002240394309396,0.017575757575757574,0.02616161616161616,0.027373737373737373,0.06535353535353536,0.02601010101010101,0.03893939393939394,0.0405050505050505,0.08737373737373737,0.028585858585858586,0.03883838383838384,0.04151515151515151,0.09732323232323233,0.06404040404040404,0.08934343434343435,0.09681818181818182,0.21424242424242423
95,bimodal_2_4,0.1,0.4,0.1,0.4,gaussian,1.5,0.15261448885903034,0.2118463777852424,0.22931362669353936,0.4062255066621879,0.01797979797979798,0.026818181818181817,0.02878787878787879,0.06257575757575758,0.02727272727272727,0.0346969696969697,0.03792929292929293,0.0890909090909091,0.026060606060606062,0.03994949494949495,0.04247474747474748,0.09626262626262626,0.0648989898989899,0.08762626262626262,0.09565656565656566,0.22191919191919193
96,bimodal_2_4,0.1,0.4,0.1,0.4,gaussian,1.5,0.15254619197836863,0.21800360522758,0.22656602073005858,0.4028841820639928,0.018484848484848486,0.027777777777777776,0.02727272727272727,0.06171717171717172,0.02666666666666667,0.03590909090909091,0.03742424242424242,0.09373737373737374,0.025808080808080808,0.039191919191919194,0.039242424242424245,0.09671717171717172,0.06454545454545454,0.0905050505050505,0.09712121212121212,0.21787878787878787
97,bimodal_2_4,0.1,0.4,0.1,0.4,gaussian,1.5,0.1587283629369838,0.2108835841158502,0.22717501979861976,0.40321303314854623,0.02106060606060606,0.024797979797979798,0.027626262626262627,0.06661616161616161,0.024747474747474747,0.03621212121212121,0.038636363636363635,0.08656565656565657,0.026717171717171716,0.0398989898989899,0.04035353535353536,0.09388888888888888,0.06818181818181818,0.08565656565656565,0.09409090909090909,0.22494949494949495
98,bimodal_2_4,0.1,0.4,0.1,0.4,gaussian,1.5,0.1498253914610792,0.21505012954827082,0.23048327137546468,0.4046412076151853,0.017777777777777778,0.025404040404040405,0.027171717171717173,0.06252525252525253,0.027676767676767678,0.03515151515151515,0.04015151515151515,0.08797979797979798,0.02696969696969697,0.0405050505050505,0.04202020202020202,0.09464646464646465,0.06055555555555556,0.08984848484848484,0.09535353535353536,0.22626262626262628
99,bimodal_2_4,0.1,0.4,0.1,0.4,gaussian,1.5,0.14911295755670334,0.21098136088030542,0.2352346732539861,0.40467100830900515,0.017222222222222222,0.02404040404040404,0.02727272727272727,0.06464646464646465,0.025252525252525252,0.03414141414141414,0.03893939393939394,0.08959595959595959,0.02691919191919192,0.04101010101010101,0.04414141414141414,0.09727272727272727,0.06333333333333334,0.08853535353535354,0.09878787878787879,0.21888888888888888
100,bimodal_3_4,0.1,0.1,0.4,0.4,gaussian,1.5,0.1149799327475865,0.19177785009220089,0.23983078424991863,0.45341143291029395,0.01106060606060606,0.019343434343434343,0.02313131313131313,0.05242424242424242,0.02005050505050505,0.03156565656565657,0.038535353535353534,0.08666666666666667,0.02181818181818182,0.03777777777777778,0.04914141414141414,0.11237373737373738,0.05313131313131313,0.08787878787878788,0.11035353535353536,0.24474747474747474
101,bimodal_3_4,0.1,0.1,0.4,0.4,gaussian,1.5,0.11269430051813471,0.18803972366148533,0.23704663212435234,0.46221934369602763,0.010555555555555556,0.018787878787878787,0.022373737373737372,0.05242424242424242,0.019494949494949496,0.03106060606060606,0.036464646464646464,0.08696969696969697,0.02176767676767677,0.037171717171717175,0.04964646464646465,0.11146464646464646,0.052626262626262625,0.08707070707070708,0.11106060606060605,0.25106060606060604
102,bimodal_3_4,0.1,0.1,0.4,0.4,gaussian,1.5,0.12130369091301532,0.18810705806173106,0.23559248866824953,0.4549967623570041,0.012323232323232323,0.02025252525252525,0.023585858585858585,0.056313131313131315,0.019747474747474746,0.02984848484848485,0.038686868686868686,0.08575757575757575,0.024494949494949497,0.03737373737373737,0.046515151515151516,0.11005050505050505,0.05580808080808081,0.08666666666666667,0.10949494949494949,0.2430808080808081
103,bimodal_3_4,0.1,0.1,0.4,0.4,gaussian,1.5,0.11301998919502972,0.1968665586169638,0.23241491085899513,0.45769854132901133,0.012777777777777779,0.018838383838383838,0.021717171717171718,0.051666666666666666,0.01782828282828283,0.031868686868686866,0.039242424242424245,0.09318181818181819,0.021666666666666667,0.040252525252525255,0.04661616161616162,0.10656565656565657,0.05227272727272727,0.09156565656565657,0.10792929292929293,0.246010101010101
104,bimodal_3_4,0.1,0.1,0.4,0.4,gaussian,1.5,0.12090053036042862,0.1915791752354151,0.24158458707652344,0.4459357073276329,0.011717171717171718,0.019696969696969695,0.027373737373737373,0.05343434343434343,0.020757575757575756,0.03151515151515152,0.03787878787878788,0.08722222222222223,0.025555555555555557,0.04090909090909091,0.04808080808080808,0.10888888888888888,0.053636363636363635,0.08505050505050506,0.1098989898989899,0.2383838383838384
105,bimodal_3_4,0.1,0.1,0.4,0.4,gaussian,1.5,0.11664681035416441,0.1858550850211199,0.24574894400519876,0.451749160619517,0.011363636363636364,0.020151515151515153,0.02621212121212121,0.0502020202020202,0.01904040404040404,0.028333333333333332,0.03777777777777778,0.08661616161616162,0.02303030303030303,0.04005050505050505,0.05035353535353535,0.11333333333333333,0.05404040404040404,0.08297979797979797,0.11277777777777778,0.24373737373737372
106,bimodal_3_4,0.1,0.1,0.4,0.4,gaussian,1.5,0.1186367558239862,0.18313201035375323,0.23943054357204488,0.4588006902502157,0.012727272727272728,0.01782828282828283,0.025555555555555557,0.05343434343434343,0.018535353535353537,0.028686868686868688,0.039191919191919194,0.08313131313131313,0.025050505050505052,0.03737373737373737,0.05,0.1098989898989899,0.053636363636363635,0.08575757575757575,0.10732323232323232,0.25186868686868685
107,bimodal_3_4,0.1,0.1,0.4,0.4,gaussian,1.5,0.11936741767764299,0.19486568457538994,0.23418544194107452,0.45158145580589254,0.011111111111111112,0.019545454545454546,0.0248989898989899,0.05449494949494949,0.021161616161616163,0.030505050505050504,0.03828282828282828,0.09005050505050505,0.024545454545454544,0.040757575757575756,0.0451010101010101,0.10611111111111111,0.053737373737373736,0.08914141414141415,0.10762626262626263,0.24292929292929294
108,bimodal_3_4,0.1,0.1,0.4,0.4,gaussian,1.5,0.11809153713298791,0.1952720207253886,0.23100172711571676,0.45563471502590674,0.010858585858585859,0.020454545454545454,0.023686868686868687,0.05454545454545454,0.019292929292929292,0.03414141414141414,0.03792929292929293,0.08954545454545454,0.024545454545454544,0.03777777777777778,0.04454545454545455,0.10686868686868686,0.05444444444444444,0.08868686868686869,0.10828282828282829,0.24439393939393939
109,bimodal_3_4,0.1,0.1,0.4,0.4,gaussian,1.5,0.10952380952380952,0.18831168831168832,0.23528138528138529,0.4668831168831169,0.009292929292929294,0.01696969696969697,0.022626262626262626,0.05242424242424242,0.018434343434343435,0.029343434343434345,0.03838383838383838,0.08772727272727272,0.02282828282828283,0.038585858585858585,0.04595959595959596,0.10954545454545454,0.05085858585858586,0.0891919191919192,0.11065656565656566,0.25717171717171716
110,class1_light,0.1,0.3,0.3,0.3,gaussian,1.5,0.14736488754615643,0.21920107418596846,0.24269889224572003,0.3907351460221551,0.016767676767676768,0.02590909090909091,0.029696969696969697,0.059494949494949496,0.026363636363636363,0.038181818181818185,0.043383838383838386,0.08777777777777777,0.028232323232323234,0.04323232323232323,0.04823232323232323,0.09762626262626263,0.06015151515151515,0.08838383838383838,0.09616161616161616,0.2104040404040404
111,class1_light,0.1,0.3,0.3,0.3,gaussian,1.5,0.1498052309404563,0.2161380077907624,0.23962159154145798,0.39443516972732334,0.018535353535353537,0.02702020202020202,0.027575757575757576,0.06181818181818182,0.026060606060606062,0.03737373737373737,0.041616161616161614,0.08934343434343435,0.029444444444444443,0.043383838383838386,0.04656565656565657,0.09550505050505051,0.060404040404040404,0.08621212121212121,0.0996969696969697,0.20944444444444443
112,class1_light,0.1,0.3,0.3,0.3,gaussian,1.5,0.15503445210046676,0.21371415870193378,0.2394976661480329,0.39175372304956657,0.020555555555555556,0.025656565656565655,0.030404040404040406,0.06287878787878788,0.026515151515151516,0.037575757575757575,0.041666666666666664,0.08631313131313131,0.03166666666666667,0.04095959595959596,0.04601010101010101,0.09686868686868687,0.06095959595959596,0.08762626262626262,0.09681818181818182,0.20752525252525253
113,class1_light,0.1,0.3,0.3,0.3,gaussian,1.5,0.1457638425617078,0.22437180342450522,0.23682454969979988,0.3930398043139871,0.017676767676767676,0.025353535353535354,0.02797979797979798,0.0602020202020202,0.02666666666666667,0.04045454545454545,0.04257575757575757,0.09252525252525252,0.02691919191919192,0.044848484848484846,0.045404040404040405,0.09565656565656566,0.0595959595959596,0.09141414141414142,0.09691919191919192,0.2058080808080808
114,class1_light,0.1,0.3,0.3,0.3,gaussian,1.5,0.14530485091232756,0.21717846016911438,0.24020916777926124,0.39730752113929685,0.01707070707070707,0.026818181818181817,0.028585858585858586,0.058333333333333334,0.02601010101010101,0.03787878787878788,0.043383838383838386,0.08792929292929293,0.02797979797979798,0.04141414141414142,0.04621212121212121,0.1003030303030303,0.0595959595959596,0.08914141414141415,0.09696969696969697,0.21237373737373738
115,class1_light,0.1,0.3,0.3,0.3,gaussian,1.5,0.15407687180626528,0.21450788713619195,0.2335036658520329,0.3979115752055099,0.018787878787878787,0.02601010101010101,0.028434343434343434,0.06565656565656566,0.028232323232323234,0.03641414141414141,0.04005050505050505,0.08823232323232323,0.02914141414141414,0.04090909090909091,0.04601010101010101,0.09464646464646465,0.06222222222222222,0.08969696969696969,0.09585858585858587,0.2096969696969697
116,class1_light,0.1,0.3,0.3,0.3,gaussian,1.5,0.1492985971943888,0.2133155199287464,0.24270763749721666,0.3946782453796482,0.01797979797979798,0.027373737373737373,0.02914141414141414,0.05924242424242424,0.026111111111111113,0.03727272727272727,0.04297979797979798,0.08555555555555555,0.029343434343434345,0.040202020202020204,0.04727272727272727,0.10141414141414141,0.060404040404040404,0.08661616161616162,0.09904040404040404,0.21005050505050504
117,class1_light,0.1,0.3,0.3,0.3,gaussian,1.5,0.14647418101054968,0.22398667406996114,0.23920044419766795,0.3903387007218212,0.01712121212121212,0.025303030303030303,0.030353535353535355,0.05929292929292929,0.024393939393939395,0.040303030303030306,0.0444949494949495,0.09257575757575758,0.029343434343434345,0.042828282828282827,0.0453030303030303,0.09792929292929294,0.06101010101010101,0.09353535353535354,0.09515151515151515,0.20106060606060605
118,class1_light,0.1,0.3,0.3,0.3,gaussian,1.5,0.14679408823202578,0.22324702744749417,0.2400266696299589,0.3899322146905212,0.017424242424242425,0.026616161616161618,0.02909090909090909,0.05904040404040404,0.026616161616161618,0.03909090909090909,0.04515151515151515,0.0906060606060606,0.027171717171717173,0.04454545454545455,0.04661616161616162,0.09757575757575758,0.060909090909090906,0.0906060606060606,0.0951010101010101,0.20383838383838385
119,class1_light,0.1,0.3,0.3,0.3,gaussian,1.5,0.15080428954423591,0.2167113494191242,0.24664879356568364,0.3858355674709562,0.019343434343434343,0.026111111111111113,0.03,0.05954545454545455,0.025606060606060604,0.03803030303030303,0.04101010101010101,0.08954545454545454,0.02707070707070707,0.043282828282828284,0.049545454545454545,0.10116161616161616,0.06272727272727273,0.08686868686868687,0.1004040404040404,0.19974747474747476
120,class2_light,0.3,0.1,0.3,0.3,gaussian,1.5,0.17558234812126888,0.21526395879667565,0.22170197822778884,0.38745171485426666,0.021616161616161617,0.028232323232323234,0.028888888888888888,0.07131313131313131,0.027525252525252526,0.03161616161616162,0.03434343434343434,0.0901010101010101,0.025808080808080808,0.03580808080808081,0.03636363636363636,0.09176767676767676,0.075,0.08873737373737374,0.09005050505050505,0.22282828282828282
121,class2_light,0.3,0.1,0.3,0.3,gaussian,1.5,0.17102332669089204,0.20841636384949008,0.2286953463837768,0.39186496307584107,0.020101010101010102,0.026565656565656567,0.030656565656565656,0.06843434343434343,0.027828282828282827,0.029747474747474748,0.03303030303030303,0.08656565656565657,0.027575757575757576,0.03515151515151515,0.03575757575757576,0.09717171717171717,0.0702020202020202,0.08601010101010101,0.09626262626262626,0.22893939393939394
122,class2_light,0.3,0.1,0.3,0.3,gaussian,1.5,0.1713584861581591,0.22392243896741035,0.2313982011447261,0.37332087372970446,0.019646464646464648,0.028131313131313132,0.02898989898989899,0.06974747474747475,0.02878787878787879,0.03585858585858586,0.03696969696969697,0.08984848484848484,0.030303030303030304,0.03939393939393939,0.04015151515151515,0.08838383838383838,0.06752525252525253,0.08808080808080808,0.09217171717171717,0.216010101010101
123,class2_light,0.3,0.1,0.3,0.3,gaussian,1.5,0.17032967032967034,0.2204816460135609,0.22013093289689034,0.3890577507598784,0.021515151515151515,0.027828282828282827,0.029292929292929294,0.06727272727272728,0.028434343434343434,0.037575757575757575,0.034444444444444444,0.08833333333333333,0.02792929292929293,0.03373737373737374,0.036515151515151514,0.08984848484848484,0.06803030303030302,0.0892929292929293,0.08818181818181818,0.23176767676767676
124,class2_light,0.3,0.1,0.3,0.3,gaussian,1.5,0.17253398396653885,0.21587080283490181,0.22342279539909377,0.38817241779946554,0.020858585858585858,0.028232323232323234,0.02772727272727273,0.07176767676767677,0.026363636363636363,0.03272727272727273,0.03772727272727273,0.08904040404040404,0.030505050505050504,0.03611111111111111,0.036515151515151514,0.08904040404040404,0.07075757575757576,0.08848484848484849,0.09035353535353535,0.22378787878787879
125,class2_light,0.3,0.1,0.3,0.3,gaussian,1.5,0.1625392396232996,0.2160213928612952,0.2298569933728636,0.39158237414254154,0.019444444444444445,0.025252525252525252,0.027121212121212122,0.06787878787878789,0.027474747474747475,0.034545454545454546,0.03702020202020202,0.08681818181818182,0.028686868686868688,0.037676767676767677,0.038535353535353534,0.09262626262626263,0.06398989898989899,0.08838383838383838,0.09540404040404041,0.22914141414141415
126,class2_light,0.3,0.1,0.3,0.3,gaussian,1.5,0.16740862230552953,0.21473758200562323,0.2264526710402999,0.3914011246485473,0.020202020202020204,0.025606060606060604,0.028282828282828285,0.06893939393939394,0.025505050505050506,0.03378787878787879,0.03525252525252525,0.088989898989899,0.02702020202020202,0.03626262626262626,0.03737373737373737,0.09196969696969697,0.0705050505050505,0.08732323232323232,0.09217171717171717,0.2308080808080808
127,class2_light,0.3,0.1,0.3,0.3,gaussian,1.5,0.16610718833198287,0.21333487672184281,0.2308137515916194,0.3897441833545549,0.021262626262626264,0.026868686868686868,0.02792929292929293,0.06702020202020202,0.025707070707070706,0.03363636363636364,0.03772727272727273,0.08727272727272728,0.028434343434343434,0.03803030303030303,0.041313131313131315,0.09106060606060606,0.06803030303030302,0.08595959595959596,0.09282828282828283,0.2269191919191919
128,class2_light,0.3,0.1,0.3,0.3,gaussian,1.5,0.16583439786319823,0.21182208802694227,0.22784810126582278,0.3944954128440367,0.0198989898989899,0.026818181818181817,0.02722222222222222,0.06893939393939394,0.026515151515151516,0.03297979797979798,0.034545454545454546,0.08818181818181818,0.028636363636363637,0.03328282828282828,0.04085858585858586,0.09282828282828283,0.06762626262626263,0.08863636363636364,0.09393939393939393,0.2290909090909091
129,class2_light,0.3,0.1,0.3,0.3,gaussian,1.5,0.16810044175773076,0.22006510113926994,0.23552662171588004,0.37630783538711926,0.020656565656565658,0.026767676767676767,0.029292929292929294,0.06787878787878789,0.02691919191919192,0.03681818181818182,0.037575757575757575,0.08782828282828282,0.02893939393939394,0.038535353535353534,0.040606060606060604,0.09474747474747475,0.06813131313131313,0.08707070707070708,0.0948989898989899,0.21333333333333335
130,class3_light,0.3,0.3,0.1,0.3,gaussian,1.5,0.19282457403407727,0.2377009839212863,0.23050155987520998,0.33897288216942645,0.02666666666666667,0.03116161616161616,0.030454545454545453,0.07257575757575757,0.03,0.039292929292929296,0.03702020202020202,0.09171717171717171,0.03171717171717172,0.037676767676767677,0.03474747474747475,0.08742424242424242,0.07232323232323232,0.0902020202020202,0.09,0.197020202020202
131,class3_light,0.3,0.3,0.1,0.3,gaussian,1.5,0.1965904969169387,0.2373352678031677,0.21569338653125378,0.35038084874863984,0.026818181818181817,0.03227272727272727,0.028383838383838383,0.07469696969696969,0.030454545454545453,0.03797979797979798,0.034494949494949495,0.09303030303030303,0.028838383838383837,0.03681818181818182,0.031414141414141415,0.08146464646464646,0.07575757575757576,0.08969696969696969,0.08393939393939394,0.21393939393939393
132,class3_light,0.3,0.3,0.1,0.3,gaussian,1.5,0.19697333653615182,0.23672832092241172,0.22615901993754503,0.3401393226038914,0.026313131313131313,0.03196969696969697,0.029292929292929294,0.07626262626262627,0.03222222222222222,0.03843434343434343,0.036464646464646464,0.09025252525252525,0.032424242424242425,0.037121212121212124,0.03782828282828283,0.081010101010101,0.07318181818181818,0.08984848484848484,0.08474747474747475,0.20262626262626263
133,class3_light,0.3,0.3,0.1,0.3,gaussian,1.5,0.19537890578235365,0.241829282892374,0.21968155153836944,0.3431102597869029,0.02904040404040404,0.03494949494949495,0.02984848484848485,0.0701010101010101,0.03378787878787879,0.03949494949494949,0.03737373737373737,0.09080808080808081,0.028181818181818183,0.03636363636363636,0.03383838383838384,0.08505050505050506,0.07217171717171718,0.09156565656565657,0.08277777777777778,0.20464646464646466
134,class3_light,0.3,0.3,0.1,0.3,gaussian,1.5,0.1963963963963964,0.23243243243243245,0.2228228228228228,0.3483483483483483,0.026414141414141414,0.03126262626262626,0.031414141414141415,0.07444444444444444,0.03277777777777778,0.03772727272727273,0.03702020202020202,0.08641414141414142,0.02914141414141414,0.036616161616161616,0.0346969696969697,0.08510101010101011,0.0753030303030303,0.08777777777777777,0.08212121212121212,0.21176767676767677
135,class3_light,0.3,0.3,0.1,0.3,gaussian,1.5,0.1921182266009852,0.24270094917697946,0.21698906644238855,0.3481917577796468,0.025707070707070706,0.03257575757575758,0.029343434343434345,0.07212121212121213,0.03202020202020202,0.03974747474747475,0.036565656565656565,0.09358585858585859,0.028131313131313132,0.03747474747474747,0.032373737373737374,0.08257575757575758,0.07388888888888889,0.09207070707070707,0.08242424242424243,0.20939393939393938
136,class3_light,0.3,0.3,0.1,0.3,gaussian,1.5,0.18967371817855863,0.23401458109238676,0.22409465758336322,0.3522170431456914,0.02585858585858586,0.03171717171717172,0.02792929292929293,0.07328282828282828,0.030707070707070707,0.038636363636363635,0.03641414141414141,0.0903030303030303,0.0301010101010101,0.03595959595959596,0.037171717171717175,0.0843939393939394,0.07217171717171718,0.08964646464646464,0.08590909090909091,0.2097979797979798
137,class3_light,0.3,0.3,0.1,0.3,gaussian,1.5,0.19985595966870723,0.23310526947545313,0.22518305125435123,0.3418557196014884,0.02803030303030303,0.03095959595959596,0.032373737373737374,0.07515151515151515,0.03217171717171717,0.03838383838383838,0.03616161616161616,0.08767676767676767,0.029949494949494948,0.036060606060606064,0.03570707070707071,0.08636363636363636,0.07621212121212122,0.0890909090909091,0.08373737373737374,0.20196969696969697
138,class3_light,0.3,0.3,0.1,0.3,gaussian,1.5,0.19861127738537052,0.23967436849036275,0.22482940260984077,0.33688495151442593,0.028333333333333332,0.03212121212121212,0.031212121212121212,0.07414141414141415,0.030505050505050504,0.04353535353535354,0.03782828282828283,0.08823232323232323,0.03166666666666667,0.037121212121212124,0.0348989898989899,0.0842929292929293,0.0754040404040404,0.08777777777777777,0.08358585858585858,0.19934343434343435
139,class3_light,0.3,0.3,0.1,0.3,gaussian,1.5,0.1936026936026936,0.24182299182299183,0.21777296777296778,0.3468013468013468,0.024343434343434344,0.03363636363636364,0.028838383838383837,0.0741919191919192,0.03111111111111111,0.04005050505050505,0.03727272727272727,0.09262626262626263,0.029494949494949494,0.03505050505050505,0.03257575757575758,0.08373737373737374,0.07585858585858586,0.09212121212121212,0.08247474747474748,0.20661616161616161
140,class4_light,0.3,0.3,0.3,0.1,gaussian,1.5,0.21715460924268087,0.2645777885313332,0.2391725139124123,0.27909508831357366,0.03171717171717172,0.03944444444444444,0.0353030303030303,0.07257575757575757,0.039696969696969696,0.04722222222222222,0.0445959595959596,0.08671717171717172,0.03282828282828283,0.044393939393939395,0.03848484848484848,0.08232323232323233,0.07474747474747474,0.08777777777777777,0.0796969696969697,0.16247474747474747
141,class4_light,0.3,0.3,0.3,0.1,gaussian,1.5,0.21365344973929914,0.25815448041712136,0.24057232933187825,0.28761974051170125,0.031868686868686866,0.03373737373737374,0.03611111111111111,0.07469696969696969,0.03626262626262626,0.0453030303030303,0.04040404040404041,0.0905050505050505,0.0353030303030303,0.045454545454545456,0.040202020202020204,0.07787878787878788,0.07297979797979798,0.08893939393939394,0.08136363636363636,0.168989898989899
142,class4_light,0.3,0.3,0.3,0.1,gaussian,1.5,0.2151452534338155,0.2624285887929987,0.2313115351890118,0.2911146225841741,0.03116161616161616,0.038686868686868686,0.03368686868686869,0.07378787878787879,0.03833333333333333,0.04702020202020202,0.04005050505050505,0.09075757575757576,0.03232323232323232,0.04141414141414142,0.03570707070707071,0.08080808080808081,0.07505050505050505,0.08878787878787879,0.081010101010101,0.1714141414141414
143,class4_light,0.3,0.3,0.3,0.1,gaussian,1.5,0.22074145868669737,0.26435667555124787,0.23043372910104193,0.28446813666101284,0.03419191919191919,0.03944444444444444,0.035,0.07343434343434344,0.03893939393939394,0.04686868686868687,0.04323232323232323,0.08924242424242425,0.03429292929292929,0.04287878787878788,0.03575757575757576,0.07727272727272727,0.0747979797979798,0.0890909090909091,0.07651515151515151,0.16904040404040405
144,class4_light,0.3,0.3,0.3,0.1,gaussian,1.5,0.21206225680933852,0.26374027237354086,0.23771887159533073,0.28647859922178986,0.029949494949494948,0.03848484848484848,0.03393939393939394,0.07217171717171718,0.03631313131313131,0.047424242424242424,0.04292929292929293,0.0902020202020202,0.03439393939393939,0.042727272727272725,0.03939393939393939,0.07883838383838383,0.07363636363636364,0.08792929292929293,0.07939393939393939,0.17227272727272727
145,class4_light,0.3,0.3,0.3,0.1,gaussian,1.5,0.21024713682941532,0.270042194092827,0.23604581072935504,0.28366485834840266,0.03101010101010101,0.03777777777777778,0.0346969696969697,0.07075757575757576,0.03611111111111111,0.05202020202020202,0.04419191919191919,0.09161616161616161,0.03373737373737374,0.043333333333333335,0.038131313131313134,0.0803030303030303,0.07353535353535354,0.09101010101010101,0.07873737373737373,0.16303030303030303
146,class4_light,0.3,0.3,0.3,0.1,gaussian,1.5,0.21475132786093676,0.2655721873491067,0.23225494929985513,0.2874215354901014,0.03191919191919192,0.04,0.03308080808080808,0.07313131313131313,0.040707070707070706,0.04838383838383838,0.0398989898989899,0.09111111111111111,0.03378787878787879,0.04247474747474748,0.03696969696969697,0.07883838383838383,0.07166666666666667,0.088989898989899,0.08247474747474748,0.16656565656565656
147,class4_light,0.3,0.3,0.3,0.1,gaussian,1.5,0.21862052156958323,0.2578601023641238,0.23434072629783084,0.2891786497684621,0.031818181818181815,0.038636363636363635,0.03424242424242424,0.07434343434343435,0.03727272727272727,0.043686868686868684,0.039696969696969696,0.09090909090909091,0.034494949494949495,0.0401010101010101,0.03732323232323232,0.08025252525252526,0.07585858585858586,0.088989898989899,0.081010101010101,0.17136363636363636
148,class4_light,0.3,0.3,0.3,0.1,gaussian,1.5,0.21030456241723847,0.26664259058625256,0.23823281569760443,0.28482003129890454,0.03161616161616162,0.040707070707070706,0.03429292929292929,0.06858585858585858,0.03873737373737374,0.04696969696969697,0.04409090909090909,0.09136363636363637,0.0345959595959596,0.0452020202020202,0.03954545454545454,0.07838383838383839,0.06934343434343435,0.08934343434343435,0.07944444444444444,0.16777777777777778
149,class4_light,0.3,0.3,0.3,0.1,gaussian,1.5,0.21579264617239302,0.25521398432790837,0.24050632911392406,0.28848704038577455,0.031818181818181815,0.03843434343434343,0.03621212121212121,0.07247474747474747,0.03686868686868687,0.044747474747474744,0.04212121212121212,0.08803030303030303,0.03616161616161616,0.041313131313131315,0.04015151515151515,0.08191919191919192,0.07388888888888889,0.08762626262626262,0.08131313131313131,0.1669191919191919
