sample_id,regime,p1,p2,p3,p4,noise_type,noise_level,h1,h2,h3,h4,co01,co02,co03,co04,co05,co06,co07,co08,co09,co10,co11,co12,co13,co14,co15,co16
0,uniform,0.25,0.25,0.25,0.25,poisson,0.5,0.2145,0.3763,0.1153,0.2939,0.043282828282828284,0.08186868686868687,0.0252020202020202,0.06363636363636363,0.08065656565656566,0.1408080808080808,0.04287878787878788,0.11181818181818182,0.026363636363636363,0.04348484848484849,0.012777777777777779,0.03297979797979798,0.06434343434343434,0.1102020202020202,0.0346969696969697,0.085
1,uniform,0.25,0.25,0.25,0.25,poisson,0.5,0.2265,0.3711,0.1159,0.2865,0.05101010101010101,0.08348484848484848,0.02727272727272727,0.06464646464646465,0.08404040404040404,0.13717171717171717,0.0444949494949495,0.10565656565656566,0.026464646464646465,0.04186868686868687,0.013181818181818182,0.03464646464646465,0.06444444444444444,0.10868686868686869,0.03085858585858586,0.08207070707070707
2,uniform,0.25,0.25,0.25,0.25,poisson,0.5,0.2163,0.3727,0.1168,0.2942,0.04621212121212121,0.08202020202020202,0.023989898989898988,0.06378787878787878,0.08348484848484848,0.13570707070707072,0.043787878787878785,0.1101010101010101,0.02494949494949495,0.04398989898989899,0.013939393939393939,0.03404040404040404,0.06222222222222222,0.11075757575757576,0.0353030303030303,0.0857070707070707
3,uniform,0.25,0.25,0.25,0.25,poisson,0.5,0.2133,0.3754,0.1145,0.2968,0.04515151515151515,0.08045454545454546,0.024747474747474747,0.06328282828282829,0.08126262626262626,0.1406060606060606,0.04146464646464647,0.11237373737373738,0.025404040404040405,0.043282828282828284,0.012676767676767677,0.032929292929292926,0.06171717171717172,0.11060606060606061,0.03575757575757576,0.08828282828282828
4,uniform,0.25,0.25,0.25,0.25,poisson,0.5,0.2137,0.3724,0.1197,0.2942,0.04515151515151515,0.07893939393939393,0.02616161616161616,0.06313131313131314,0.07934343434343434,0.1414141414141414,0.04393939393939394,0.10737373737373737,0.024292929292929293,0.044848484848484846,0.014646464646464647,0.03585858585858586,0.06434343434343434,0.10767676767676768,0.0352020202020202,0.08767676767676767
5,uniform,0.25,0.25,0.25,0.25,poisson,0.5,0.2188,0.3691,0.1147,0.2974,0.04575757575757576,0.08176767676767677,0.025757575757575757,0.06570707070707071,0.08292929292929294,0.1337878787878788,0.04095959595959596,0.11146464646464646,0.026262626262626262,0.04151515151515151,0.014494949494949495,0.03277777777777778,0.06404040404040404,0.11186868686868687,0.03383838383838384,0.08707070707070708
6,uniform,0.25,0.25,0.25,0.25,poisson,0.5,0.2137,0.3741,0.1221,0.2901,0.045353535353535354,0.0801010101010101,0.027626262626262627,0.06075757575757576,0.07878787878787878,0.1403030303030303,0.04570707070707071,0.10929292929292929,0.025454545454545455,0.04696969696969697,0.014393939393939395,0.0353030303030303,0.06368686868686868,0.10656565656565657,0.034444444444444444,0.08525252525252525
7,uniform,0.25,0.25,0.25,0.25,poisson,0.5,0.216,0.3846,0.1174,0.282,0.04702020202020202,0.0844949494949495,0.02494949494949495,0.059393939393939395,0.08262626262626263,0.14545454545454545,0.04661616161616162,0.1101010101010101,0.02585858585858586,0.04626262626262626,0.013333333333333334,0.031868686868686866,0.06075757575757576,0.10808080808080808,0.03282828282828283,0.08035353535353536
8,uniform,0.25,0.25,0.25,0.25,poisson,0.5,0.2216,0.3692,0.1226,0.2866,0.05,0.08060606060606061,0.026111111111111113,0.0651010101010101,0.07813131313131313,0.13585858585858585,0.04707070707070707,0.10797979797979798,0.028686868686868688,0.04555555555555556,0.015606060606060606,0.03282828282828283,0.0645959595959596,0.10712121212121212,0.03424242424242424,0.08050505050505051
9,uniform,0.25,0.25,0.25,0.25,poisson,0.5,0.2172,0.3754,0.116,0.2914,0.04661616161616162,0.08247474747474748,0.02409090909090909,0.06383838383838383,0.08297979797979797,0.14227272727272727,0.04323232323232323,0.10656565656565657,0.024545454545454544,0.042373737373737376,0.013686868686868687,0.035454545454545454,0.06287878787878788,0.10848484848484849,0.03505050505050505,0.08545454545454545
10,class1_heavy,0.55,0.15,0.15,0.15,poisson,0.5,0.433,0.3308,0.0673,0.1689,0.18772727272727271,0.1451010101010101,0.027878787878787878,0.07196969696969698,0.14292929292929293,0.1087878787878788,0.02277777777777778,0.05661616161616161,0.029343434343434345,0.021515151515151515,0.004696969696969697,0.011818181818181818,0.07267676767676767,0.055707070707070705,0.011818181818181818,0.028636363636363637
11,class1_heavy,0.55,0.15,0.15,0.15,poisson,0.5,0.4214,0.3286,0.074,0.176,0.1751010101010101,0.13924242424242425,0.03262626262626263,0.07414141414141415,0.14005050505050506,0.10823232323232324,0.02282828282828283,0.057323232323232325,0.03282828282828283,0.023686868686868687,0.005454545454545455,0.012171717171717172,0.07328282828282828,0.057424242424242426,0.013232323232323233,0.032373737373737374
12,class1_heavy,0.55,0.15,0.15,0.15,poisson,0.5,0.4276,0.3313,0.0725,0.1686,0.18505050505050505,0.13696969696969696,0.03111111111111111,0.07454545454545454,0.14075757575757575,0.11166666666666666,0.024393939393939395,0.054696969696969695,0.031363636363636364,0.024444444444444446,0.005303030303030303,0.011515151515151515,0.07045454545454545,0.05818181818181818,0.011717171717171718,0.027828282828282827
13,class1_heavy,0.55,0.15,0.15,0.15,poisson,0.5,0.4267,0.3258,0.0683,0.1792,0.1828787878787879,0.13742424242424242,0.030404040404040406,0.07646464646464647,0.14136363636363636,0.10626262626262627,0.02176767676767677,0.05585858585858586,0.027424242424242424,0.02297979797979798,0.004393939393939394,0.013484848484848485,0.07449494949494949,0.05954545454545455,0.012121212121212121,0.03313131313131313
14,class1_heavy,0.55,0.15,0.15,0.15,poisson,0.5,0.4228,0.3335,0.0696,0.1741,0.18136363636363637,0.14035353535353534,0.027676767676767678,0.07333333333333333,0.14025252525252524,0.11166666666666666,0.023181818181818182,0.05858585858585859,0.02909090909090909,0.022929292929292928,0.0052525252525252525,0.01207070707070707,0.07242424242424242,0.05853535353535354,0.013383838383838383,0.0298989898989899
15,class1_heavy,0.55,0.15,0.15,0.15,poisson,0.5,0.4281,0.3207,0.0731,0.1781,0.18176767676767677,0.1387878787878788,0.032525252525252527,0.0748989898989899,0.14015151515151514,0.10121212121212121,0.023232323232323233,0.056666666666666664,0.03257575757575758,0.022727272727272728,0.0038888888888888888,0.013737373737373737,0.07449494949494949,0.057323232323232325,0.013434343434343434,0.03257575757575758
16,class1_heavy,0.55,0.15,0.15,0.15,poisson,0.5,0.4237,0.3255,0.0757,0.1751,0.1802020202020202,0.1384848484848485,0.03095959595959596,0.07434343434343435,0.1407070707070707,0.10287878787878788,0.0251010101010101,0.05641414141414142,0.031363636363636364,0.02601010101010101,0.005151515151515152,0.013131313131313131,0.07090909090909091,0.05863636363636364,0.014494949494949495,0.031212121212121212
17,class1_heavy,0.55,0.15,0.15,0.15,poisson,0.5,0.4295,0.3285,0.0741,0.1679,0.18383838383838383,0.13828282828282829,0.034494949494949495,0.07247474747474747,0.1407070707070707,0.11005050505050505,0.023181818181818182,0.055,0.03196969696969697,0.025,0.004494949494949495,0.012525252525252526,0.07287878787878788,0.055353535353535356,0.01196969696969697,0.027777777777777776
18,class1_heavy,0.55,0.15,0.15,0.15,poisson,0.5,0.4201,0.3304,0.0715,0.178,0.1803030303030303,0.13914141414141415,0.029545454545454545,0.07101010101010101,0.1367171717171717,0.1095959595959596,0.024595959595959595,0.05974747474747475,0.029747474747474748,0.024444444444444446,0.004343434343434344,0.012777777777777779,0.07348484848484849,0.057424242424242426,0.01292929292929293,0.03419191919191919
19,class1_heavy,0.55,0.15,0.15,0.15,poisson,0.5,0.4281,0.3212,0.0744,0.1763,0.18393939393939393,0.13747474747474747,0.03232323232323232,0.07414141414141415,0.13823232323232323,0.10267676767676767,0.022323232323232325,0.05863636363636364,0.03207070707070707,0.022727272727272728,0.0056565656565656566,0.013787878787878788,0.07303030303030303,0.058787878787878785,0.013939393939393939,0.030252525252525253
20,class2_heavy,0.15,0.55,0.15,0.15,poisson,0.5,0.1836,0.5089,0.1063,0.2012,0.03424242424242424,0.09237373737373737,0.020555555555555556,0.03611111111111111,0.09151515151515152,0.26055555555555554,0.054292929292929296,0.10292929292929293,0.019595959595959597,0.05540404040404041,0.010404040404040403,0.020858585858585858,0.03808080808080808,0.10065656565656565,0.021111111111111112,0.041313131313131315
21,class2_heavy,0.15,0.55,0.15,0.15,poisson,0.5,0.1868,0.5126,0.1073,0.1933,0.03474747474747475,0.09641414141414141,0.0198989898989899,0.035606060606060606,0.09484848484848485,0.2633838383838384,0.056313131313131315,0.09833333333333333,0.019646464646464648,0.05388888888888889,0.011565656565656566,0.022171717171717172,0.037676767676767677,0.09883838383838384,0.01919191919191919,0.03747474747474747
22,class2_heavy,0.15,0.55,0.15,0.15,poisson,0.5,0.1923,0.5064,0.1092,0.1921,0.03792929292929293,0.096010101010101,0.021414141414141413,0.03722222222222222,0.09747474747474748,0.25717171717171716,0.0556060606060606,0.0959090909090909,0.019646464646464648,0.05707070707070707,0.01191919191919192,0.020555555555555556,0.03636363636363636,0.09686868686868687,0.020505050505050505,0.03833333333333333
23,class2_heavy,0.15,0.55,0.15,0.15,poisson,0.5,0.1809,0.5232,0.1077,0.1882,0.03378787878787879,0.09373737373737374,0.01898989898989899,0.034444444444444444,0.09318181818181819,0.2752020202020202,0.056767676767676765,0.09752525252525253,0.019848484848484848,0.0548989898989899,0.012525252525252526,0.020656565656565658,0.03404040404040404,0.0996969696969697,0.01924242424242424,0.035454545454545454
24,class2_heavy,0.15,0.55,0.15,0.15,poisson,0.5,0.1792,0.5145,0.1038,0.2025,0.032525252525252527,0.09348484848484849,0.01792929292929293,0.03525252525252525,0.09161616161616161,0.2652020202020202,0.05297979797979798,0.1044949494949495,0.01813131313131313,0.053686868686868686,0.009595959595959595,0.022171717171717172,0.03702020202020202,0.10212121212121213,0.023232323232323233,0.04055555555555555
25,class2_heavy,0.15,0.55,0.15,0.15,poisson,0.5,0.1815,0.5148,0.1089,0.1948,0.03262626262626263,0.09242424242424242,0.021161616161616163,0.03535353535353535,0.09383838383838383,0.26515151515151514,0.05545454545454546,0.10005050505050506,0.019696969696969695,0.057777777777777775,0.01090909090909091,0.020606060606060607,0.03494949494949495,0.10025252525252525,0.021262626262626264,0.03848484848484848
26,class2_heavy,0.15,0.55,0.15,0.15,poisson,0.5,0.1834,0.523,0.1058,0.1878,0.033434343434343435,0.09767676767676768,0.018838383838383838,0.033535353535353536,0.09636363636363636,0.272020202020202,0.054292929292929296,0.10010101010101011,0.017474747474747476,0.0551010101010101,0.012727272727272728,0.020656565656565658,0.03601010101010101,0.09843434343434343,0.019747474747474746,0.03358585858585859
27,class2_heavy,0.15,0.55,0.15,0.15,poisson,0.5,0.1803,0.5179,0.1038,0.198,0.03090909090909091,0.09681818181818182,0.01808080808080808,0.0348989898989899,0.09393939393939393,0.26464646464646463,0.0548989898989899,0.10414141414141415,0.018383838383838384,0.05444444444444444,0.010707070707070707,0.020353535353535353,0.037171717171717175,0.10176767676767677,0.020151515151515153,0.038686868686868686
28,class2_heavy,0.15,0.55,0.15,0.15,poisson,0.5,0.1894,0.5032,0.1093,0.1981,0.037525252525252524,0.09333333333333334,0.020656565656565658,0.03782828282828283,0.09171717171717171,0.25823232323232326,0.0547979797979798,0.09828282828282828,0.021565656565656566,0.05414141414141414,0.012525252525252526,0.021212121212121213,0.03883838383838384,0.09808080808080807,0.02101010101010101,0.040252525252525255
29,class2_heavy,0.15,0.55,0.15,0.15,poisson,0.5,0.1874,0.5078,0.1027,0.2021,0.03439393939393939,0.09661616161616161,0.019646464646464648,0.03671717171717172,0.09575757575757576,0.25712121212121214,0.05141414141414141,0.10368686868686869,0.019595959595959597,0.05101010101010101,0.01090909090909091,0.02090909090909091,0.037626262626262626,0.10318181818181818,0.02070707070707071,0.040707070707070706
30,class3_heavy,0.15,0.15,0.55,0.15,poisson,0.5,0.1322,0.4019,0.1535,0.3124,0.017373737373737375,0.055252525252525254,0.019393939393939394,0.040202020202020204,0.053737373737373736,0.16176767676767675,0.06191919191919192,0.12444444444444444,0.019494949494949496,0.06186868686868687,0.023333333333333334,0.048585858585858586,0.042323232323232325,0.12272727272727273,0.04863636363636364,0.09893939393939394
31,class3_heavy,0.15,0.15,0.55,0.15,poisson,0.5,0.1344,0.3912,0.1566,0.3178,0.018434343434343435,0.05308080808080808,0.020202020202020204,0.04252525252525253,0.05505050505050505,0.15176767676767677,0.05929292929292929,0.12545454545454546,0.02106060606060606,0.05858585858585859,0.02621212121212121,0.0503030303030303,0.040252525252525255,0.12792929292929292,0.05085858585858586,0.09898989898989899
32,class3_heavy,0.15,0.15,0.55,0.15,poisson,0.5,0.1228,0.3943,0.1623,0.3206,0.014595959595959596,0.04914141414141414,0.01888888888888889,0.040202020202020204,0.04929292929292929,0.15646464646464647,0.06484848484848485,0.12328282828282829,0.018333333333333333,0.06545454545454546,0.026414141414141414,0.052525252525252523,0.04045454545454545,0.12373737373737374,0.05181818181818182,0.10454545454545454
33,class3_heavy,0.15,0.15,0.55,0.15,poisson,0.5,0.1332,0.3997,0.1564,0.3107,0.01681818181818182,0.05393939393939394,0.021515151515151515,0.04106060606060606,0.05191919191919192,0.16161616161616163,0.0601010101010101,0.1257070707070707,0.021414141414141413,0.06121212121212121,0.02601010101010101,0.04787878787878788,0.043333333333333335,0.12287878787878788,0.04893939393939394,0.09565656565656566
34,class3_heavy,0.15,0.15,0.55,0.15,poisson,0.5,0.1334,0.3862,0.1559,0.3245,0.018232323232323232,0.0504040404040404,0.020757575757575756,0.04388888888888889,0.05106060606060606,0.15212121212121213,0.061515151515151516,0.12126262626262627,0.020606060606060607,0.05924242424242424,0.024646464646464646,0.05136363636363636,0.043383838383838386,0.12494949494949495,0.04929292929292929,0.10727272727272727
35,class3_heavy,0.15,0.15,0.55,0.15,poisson,0.5,0.1333,0.3917,0.1523,0.3227,0.017575757575757574,0.05247474747474747,0.02025252525252525,0.04313131313131313,0.050555555555555555,0.15383838383838383,0.06085858585858586,0.12611111111111112,0.020757575757575756,0.0596969696969697,0.023181818181818182,0.04898989898989899,0.0446969696969697,0.12555555555555556,0.04762626262626263,0.10469696969696969
36,class3_heavy,0.15,0.15,0.55,0.15,poisson,0.5,0.1279,0.4035,0.1606,0.308,0.016464646464646463,0.052121212121212124,0.02101010101010101,0.03833333333333333,0.052525252525252523,0.16131313131313132,0.06318181818181819,0.12626262626262627,0.020454545454545454,0.06555555555555556,0.025454545454545455,0.04939393939393939,0.038585858585858585,0.12454545454545454,0.050505050505050504,0.09429292929292929
37,class3_heavy,0.15,0.15,0.55,0.15,poisson,0.5,0.1305,0.39,0.1624,0.3171,0.016363636363636365,0.051616161616161615,0.022727272727272728,0.03954545454545454,0.05126262626262626,0.14974747474747474,0.061414141414141414,0.12762626262626262,0.02176767676767677,0.06404040404040404,0.027424242424242424,0.04919191919191919,0.04080808080808081,0.12434343434343434,0.05126262626262626,0.10085858585858586
38,class3_heavy,0.15,0.15,0.55,0.15,poisson,0.5,0.1337,0.3957,0.1618,0.3088,0.01893939393939394,0.051515151515151514,0.021212121212121213,0.04202020202020202,0.051616161616161615,0.1559090909090909,0.06626262626262626,0.12181818181818181,0.02196969696969697,0.06237373737373737,0.027525252525252526,0.04984848484848485,0.041262626262626265,0.12601010101010102,0.04656565656565657,0.09515151515151515
39,class3_heavy,0.15,0.15,0.55,0.15,poisson,0.5,0.1314,0.3965,0.1529,0.3192,0.01717171717171717,0.052626262626262625,0.020757575757575756,0.040606060606060604,0.05101010101010101,0.15631313131313132,0.060505050505050506,0.1290909090909091,0.02131313131313131,0.060909090909090906,0.02308080808080808,0.047373737373737373,0.041767676767676766,0.12626262626262627,0.04863636363636364,0.10257575757575757
40,class4_heavy,0.15,0.15,0.15,0.55,poisson,0.5,0.1291,0.2683,0.1177,0.4849,0.01691919191919192,0.034494949494949495,0.015404040404040404,0.06267676767676768,0.03419191919191919,0.07227272727272727,0.03156565656565657,0.1304040404040404,0.014494949494949495,0.03282828282828283,0.014545454545454545,0.05590909090909091,0.06358585858585858,0.12878787878787878,0.05606060606060606,0.23585858585858585
41,class4_heavy,0.15,0.15,0.15,0.55,poisson,0.5,0.1349,0.265,0.1296,0.4705,0.01893939393939394,0.034545454545454546,0.01782828282828283,0.06409090909090909,0.03595959595959596,0.07045454545454545,0.0353030303030303,0.12303030303030303,0.018434343434343435,0.03358585858585859,0.017676767676767676,0.0597979797979798,0.06116161616161616,0.12621212121212122,0.05924242424242424,0.22373737373737373
42,class4_heavy,0.15,0.15,0.15,0.55,poisson,0.5,0.1301,0.258,0.1263,0.4856,0.016212121212121212,0.03126262626262626,0.01601010101010101,0.06636363636363636,0.031414141414141415,0.06797979797979797,0.03156565656565657,0.12676767676767678,0.017575757575757574,0.03156565656565657,0.016717171717171717,0.060404040404040404,0.06505050505050505,0.12717171717171716,0.06217171717171717,0.23176767676767676
43,class4_heavy,0.15,0.15,0.15,0.55,poisson,0.5,0.1305,0.2664,0.1247,0.4784,0.017575757575757574,0.03505050505050505,0.016717171717171717,0.06121212121212121,0.03328282828282828,0.0694949494949495,0.03505050505050505,0.12813131313131312,0.015,0.03328282828282828,0.015353535353535354,0.06126262626262626,0.0644949494949495,0.12873737373737373,0.057424242424242426,0.22792929292929293
44,class4_heavy,0.15,0.15,0.15,0.55,poisson,0.5,0.1288,0.2701,0.124,0.4771,0.015505050505050504,0.03570707070707071,0.01712121212121212,0.0602020202020202,0.03419191919191919,0.07282828282828283,0.03318181818181818,0.1296969696969697,0.01717171717171717,0.03232323232323232,0.015,0.05974747474747475,0.06156565656565657,0.12934343434343434,0.05863636363636364,0.22777777777777777
45,class4_heavy,0.15,0.15,0.15,0.55,poisson,0.5,0.1287,0.2585,0.1296,0.4832,0.016414141414141416,0.03207070707070707,0.016363636363636365,0.06348484848484849,0.03232323232323232,0.066010101010101,0.03358585858585859,0.12727272727272726,0.016313131313131314,0.033434343434343435,0.017272727272727273,0.06252525252525253,0.06348484848484849,0.12737373737373736,0.06227272727272727,0.2297979797979798
46,class4_heavy,0.15,0.15,0.15,0.55,poisson,0.5,0.1299,0.2631,0.1265,0.4805,0.017676767676767676,0.03570707070707071,0.016666666666666666,0.06005050505050505,0.032474747474747476,0.06873737373737374,0.03191919191919192,0.12984848484848485,0.017474747474747476,0.03358585858585859,0.016414141414141416,0.05914141414141414,0.06222222222222222,0.1255050505050505,0.06121212121212121,0.23136363636363635
47,class4_heavy,0.15,0.15,0.15,0.55,poisson,0.5,0.1339,0.2664,0.1271,0.4726,0.018686868686868686,0.036515151515151514,0.016414141414141416,0.062474747474747475,0.035606060606060606,0.07247474747474747,0.03328282828282828,0.12505050505050505,0.017424242424242425,0.032878787878787875,0.016262626262626263,0.06080808080808081,0.06212121212121212,0.12464646464646464,0.06070707070707071,0.22464646464646465
48,class4_heavy,0.15,0.15,0.15,0.55,poisson,0.5,0.1259,0.2596,0.1281,0.4864,0.015,0.03318181818181818,0.015656565656565657,0.06212121212121212,0.03323232323232323,0.06696969696969697,0.03207070707070707,0.12696969696969698,0.016717171717171717,0.03474747474747475,0.015353535353535354,0.061515151515151516,0.060454545454545455,0.12484848484848485,0.0651010101010101,0.23606060606060605
49,class4_heavy,0.15,0.15,0.15,0.55,poisson,0.5,0.1314,0.27,0.1262,0.4724,0.017626262626262625,0.0352020202020202,0.015656565656565657,0.06297979797979798,0.035555555555555556,0.07267676767676767,0.03272727272727273,0.12914141414141414,0.016414141414141416,0.033535353535353536,0.017373737373737375,0.058838383838383836,0.06207070707070707,0.12843434343434343,0.060353535353535354,0.22141414141414142
50,bimodal_1_3,0.4,0.1,0.4,0.1,poisson,0.5,0.3114,0.3556,0.1089,0.2241,0.09707070707070707,0.11090909090909092,0.03414141414141414,0.06893939393939394,0.11075757575757576,0.12555555555555556,0.036565656565656565,0.08242424242424243,0.03277777777777778,0.040707070707070706,0.011818181818181818,0.023686868686868687,0.0705050505050505,0.07873737373737373,0.02585858585858586,0.049545454545454545
51,bimodal_1_3,0.4,0.1,0.4,0.1,poisson,0.5,0.3073,0.3612,0.1088,0.2227,0.09449494949494949,0.11090909090909092,0.03313131313131313,0.06898989898989899,0.10974747474747475,0.12883838383838384,0.03974747474747475,0.08267676767676768,0.03515151515151515,0.040656565656565655,0.01090909090909091,0.021919191919191918,0.06803030303030302,0.08080808080808081,0.0248989898989899,0.04909090909090909
52,bimodal_1_3,0.4,0.1,0.4,0.1,poisson,0.5,0.3039,0.3505,0.1219,0.2237,0.09237373737373737,0.10818181818181818,0.035606060606060606,0.06833333333333333,0.10883838383838383,0.11994949494949494,0.043383838383838386,0.07747474747474747,0.03732323232323232,0.04287878787878788,0.015151515151515152,0.026717171717171716,0.0652020202020202,0.07964646464646465,0.027828282828282827,0.051111111111111114
53,bimodal_1_3,0.4,0.1,0.4,0.1,poisson,0.5,0.3078,0.3505,0.1151,0.2266,0.09863636363636363,0.10737373737373737,0.0347979797979798,0.06757575757575758,0.10828282828282829,0.12131313131313132,0.04252525252525253,0.07767676767676768,0.03393939393939394,0.03949494949494949,0.013686868686868687,0.02792929292929293,0.06671717171717172,0.08212121212121212,0.024343434343434344,0.053585858585858584
54,bimodal_1_3,0.4,0.1,0.4,0.1,poisson,0.5,0.3096,0.3474,0.1161,0.2269,0.09621212121212121,0.10833333333333334,0.0347979797979798,0.07055555555555555,0.10803030303030303,0.11863636363636364,0.040656565656565655,0.0794949494949495,0.03590909090909091,0.04035353535353536,0.014292929292929293,0.02595959595959596,0.06994949494949496,0.07964646464646465,0.026262626262626262,0.05090909090909091
55,bimodal_1_3,0.4,0.1,0.4,0.1,poisson,0.5,0.3094,0.3614,0.1153,0.2139,0.09616161616161616,0.11242424242424243,0.03590909090909091,0.06454545454545454,0.11126262626262626,0.1297979797979798,0.04181818181818182,0.07833333333333334,0.0351010101010101,0.042727272727272725,0.012525252525252526,0.025353535353535354,0.06646464646464646,0.07651515151515151,0.0248989898989899,0.04616161616161616
56,bimodal_1_3,0.4,0.1,0.4,0.1,poisson,0.5,0.3098,0.3551,0.1146,0.2205,0.09686868686868687,0.1101010101010101,0.03525252525252525,0.06752525252525253,0.10939393939393939,0.1273232323232323,0.04196969696969697,0.07666666666666666,0.03404040404040404,0.040656565656565655,0.013282828282828283,0.026868686868686868,0.0697979797979798,0.07676767676767676,0.024343434343434344,0.04914141414141414
57,bimodal_1_3,0.4,0.1,0.4,0.1,poisson,0.5,0.3086,0.3595,0.1108,0.2211,0.09580808080808081,0.1112121212121212,0.03404040404040404,0.06732323232323233,0.11247474747474748,0.12782828282828282,0.038181818181818185,0.08176767676767677,0.03393939393939394,0.039191919191919194,0.013030303030303031,0.024494949494949497,0.06691919191919192,0.08116161616161616,0.025454545454545455,0.04717171717171717
58,bimodal_1_3,0.4,0.1,0.4,0.1,poisson,0.5,0.3162,0.3481,0.1207,0.215,0.10095959595959596,0.11005050505050505,0.03590909090909091,0.06934343434343435,0.10696969696969696,0.12232323232323232,0.045,0.07363636363636364,0.03782828282828283,0.04095959595959596,0.015404040404040404,0.02601010101010101,0.06984848484848485,0.07459595959595959,0.024595959595959595,0.04656565656565657
59,bimodal_1_3,0.4,0.1,0.4,0.1,poisson,0.5,0.3128,0.3477,0.1148,0.2247,0.10065656565656565,0.10818181818181818,0.03626262626262626,0.06797979797979797,0.10767676767676768,0.12328282828282829,0.039191919191919194,0.07777777777777778,0.03439393939393939,0.03944444444444444,0.012424242424242424,0.028333333333333332,0.0702020202020202,0.07661616161616161,0.026868686868686868,0.05070707070707071
60,bimodal_1_4,0.4,0.1,0.1,0.4,poisson,0.5,0.3059,0.2649,0.0854,0.3438,0.09292929292929293,0.08015151515151515,0.028131313131313132,0.10469696969696969,0.07732323232323232,0.07196969696969698,0.023333333333333334,0.09207070707070707,0.026060606060606062,0.022575757575757575,0.00702020202020202,0.0298989898989899,0.10974747474747475,0.0902020202020202,0.026717171717171716,0.11717171717171718
61,bimodal_1_4,0.4,0.1,0.1,0.4,poisson,0.5,0.3045,0.2568,0.094,0.3447,0.09257575757575758,0.07732323232323232,0.029242424242424243,0.1048989898989899,0.07727272727272727,0.06782828282828283,0.02383838383838384,0.08853535353535354,0.028535353535353535,0.024242424242424242,0.008232323232323232,0.03297979797979798,0.1056060606060606,0.08757575757575757,0.03277777777777778,0.11853535353535354
62,bimodal_1_4,0.4,0.1,0.1,0.4,poisson,0.5,0.3127,0.2537,0.0917,0.3419,0.09919191919191919,0.07853535353535354,0.02904040404040404,0.10585858585858586,0.07792929292929293,0.06560606060606061,0.024494949494949497,0.08616161616161616,0.02878787878787879,0.02494949494949495,0.007626262626262626,0.030303030303030304,0.10676767676767676,0.08494949494949496,0.030757575757575758,0.11904040404040404
63,bimodal_1_4,0.4,0.1,0.1,0.4,poisson,0.5,0.3046,0.2549,0.0906,0.3499,0.09353535353535354,0.07868686868686868,0.027424242424242424,0.10515151515151515,0.07954545454545454,0.065,0.022323232323232325,0.08808080808080808,0.02666666666666667,0.023585858585858585,0.008535353535353535,0.03161616161616162,0.1043939393939394,0.08767676767676767,0.032373737373737374,0.1254040404040404
64,bimodal_1_4,0.4,0.1,0.1,0.4,poisson,0.5,0.3096,0.2534,0.0909,0.3461,0.096010101010101,0.07934343434343434,0.02707070707070707,0.10702020202020202,0.07848484848484849,0.06388888888888888,0.023535353535353534,0.08762626262626262,0.027373737373737373,0.02308080808080808,0.008838383838383838,0.03151515151515152,0.10808080808080808,0.08656565656565657,0.031818181818181815,0.11974747474747474
65,bimodal_1_4,0.4,0.1,0.1,0.4,poisson,0.5,0.3113,0.2535,0.0819,0.3533,0.09535353535353536,0.07934343434343434,0.02494949494949495,0.11227272727272727,0.08065656565656566,0.06707070707070707,0.02095959595959596,0.0842929292929293,0.02515151515151515,0.019545454545454546,0.006818181818181818,0.030606060606060605,0.11050505050505051,0.08717171717171718,0.029242424242424243,0.12606060606060607
66,bimodal_1_4,0.4,0.1,0.1,0.4,poisson,0.5,0.3092,0.2539,0.0898,0.3471,0.09595959595959595,0.07777777777777778,0.028434343434343434,0.10691919191919191,0.07792929292929293,0.0659090909090909,0.023282828282828284,0.08676767676767677,0.02772727272727273,0.02378787878787879,0.008131313131313132,0.030202020202020202,0.10752525252525252,0.08636363636363636,0.02984848484848485,0.12343434343434344
67,bimodal_1_4,0.4,0.1,0.1,0.4,poisson,0.5,0.3037,0.2567,0.0885,0.3511,0.08681818181818182,0.07757575757575758,0.027171717171717173,0.11207070707070707,0.07767676767676768,0.06696969696969697,0.02297979797979798,0.08883838383838384,0.029191919191919193,0.022323232323232325,0.0069191919191919195,0.029949494949494948,0.1095959595959596,0.08994949494949495,0.03176767676767677,0.1202020202020202
68,bimodal_1_4,0.4,0.1,0.1,0.4,poisson,0.5,0.3106,0.2526,0.0898,0.347,0.0951010101010101,0.07893939393939393,0.026767676767676767,0.1098989898989899,0.08015151515151515,0.06368686868686868,0.024494949494949497,0.0845959595959596,0.029494949494949494,0.024343434343434344,0.00787878787878788,0.02803030303030303,0.10611111111111111,0.08585858585858586,0.030555555555555555,0.12409090909090909
69,bimodal_1_4,0.4,0.1,0.1,0.4,poisson,0.5,0.3072,0.2627,0.0863,0.3438,0.09444444444444444,0.0795959595959596,0.02666666666666667,0.10621212121212122,0.08161616161616161,0.06944444444444445,0.022525252525252525,0.08974747474747474,0.026060606060606062,0.02378787878787879,0.0073232323232323236,0.02893939393939394,0.10494949494949495,0.09025252525252525,0.02984848484848485,0.11858585858585859
70,bimodal_1_2,0.4,0.4,0.1,0.1,poisson,0.5,0.3448,0.4516,0.0715,0.1321,0.11808080808080808,0.15626262626262627,0.025454545454545455,0.0448989898989899,0.1559090909090909,0.20242424242424242,0.03303030303030303,0.0601010101010101,0.025555555555555557,0.03151515151515152,0.004494949494949495,0.01,0.04575757575757576,0.06070707070707071,0.008535353535353535,0.017272727272727273
71,bimodal_1_2,0.4,0.4,0.1,0.1,poisson,0.5,0.3513,0.4449,0.0717,0.1321,0.12257575757575757,0.1559090909090909,0.02727272727272727,0.04525252525252525,0.15691919191919193,0.19676767676767676,0.03101010101010101,0.0603030303030303,0.02484848484848485,0.032929292929292926,0.004747474747474748,0.009545454545454546,0.04686868686868687,0.059393939393939395,0.008535353535353535,0.01712121212121212
72,bimodal_1_2,0.4,0.4,0.1,0.1,poisson,0.5,0.3484,0.4457,0.0707,0.1352,0.12232323232323232,0.15348484848484847,0.0248989898989899,0.04782828282828283,0.15313131313131312,0.20267676767676768,0.03166666666666667,0.05848484848484849,0.0248989898989899,0.030707070707070707,0.0048484848484848485,0.010252525252525253,0.04792929292929293,0.05868686868686869,0.009343434343434343,0.018838383838383838
73,bimodal_1_2,0.4,0.4,0.1,0.1,poisson,0.5,0.3452,0.4507,0.0749,0.1292,0.11898989898989899,0.1556060606060606,0.025555555555555557,0.0453030303030303,0.15444444444444444,0.20095959595959595,0.0352020202020202,0.0601010101010101,0.025808080808080808,0.035,0.004797979797979798,0.009444444444444445,0.04595959595959596,0.05924242424242424,0.00904040404040404,0.014545454545454545
74,bimodal_1_2,0.4,0.4,0.1,0.1,poisson,0.5,0.3381,0.4504,0.0746,0.1369,0.11116161616161616,0.15762626262626261,0.024646464646464646,0.0445959595959596,0.1546969696969697,0.20045454545454544,0.03404040404040404,0.06156565656565657,0.024747474747474747,0.03267676767676768,0.005555555555555556,0.011313131313131313,0.047424242424242424,0.0601010101010101,0.010454545454545454,0.01893939393939394
75,bimodal_1_2,0.4,0.4,0.1,0.1,poisson,0.5,0.3472,0.45,0.073,0.1298,0.11808080808080808,0.15681818181818183,0.02616161616161616,0.04601010101010101,0.15954545454545455,0.20217171717171717,0.03106060606060606,0.057272727272727274,0.025555555555555557,0.03217171717171717,0.005303030303030303,0.009848484848484848,0.04398989898989899,0.05858585858585859,0.010606060606060607,0.01681818181818182
76,bimodal_1_2,0.4,0.4,0.1,0.1,poisson,0.5,0.3463,0.4509,0.0679,0.1349,0.11944444444444445,0.15545454545454546,0.02383838383838384,0.047979797979797977,0.15641414141414142,0.20297979797979798,0.030606060606060605,0.06106060606060606,0.022575757575757575,0.031818181818181815,0.005151515151515152,0.007828282828282828,0.04767676767676768,0.06075757575757576,0.008636363636363636,0.017777777777777778
77,bimodal_1_2,0.4,0.4,0.1,0.1,poisson,0.5,0.3438,0.4425,0.0757,0.138,0.11601010101010101,0.1551010101010101,0.025555555555555557,0.04707070707070707,0.15303030303030302,0.19338383838383838,0.03535353535353535,0.060505050505050506,0.0252020202020202,0.03323232323232323,0.005404040404040404,0.01191919191919192,0.049444444444444444,0.06075757575757576,0.009646464646464646,0.018383838383838384
78,bimodal_1_2,0.4,0.4,0.1,0.1,poisson,0.5,0.3485,0.4482,0.0751,0.1282,0.12338383838383839,0.15262626262626264,0.026767676767676767,0.04565656565656566,0.15419191919191919,0.20287878787878788,0.033535353535353536,0.05762626262626263,0.025808080808080808,0.034545454545454546,0.005101010101010101,0.009595959595959595,0.04525252525252525,0.05797979797979798,0.009646464646464646,0.015404040404040404
79,bimodal_1_2,0.4,0.4,0.1,0.1,poisson,0.5,0.3557,0.4418,0.0726,0.1299,0.1297979797979798,0.1557070707070707,0.025404040404040405,0.044343434343434344,0.15328282828282827,0.19696969696969696,0.03318181818181818,0.05858585858585859,0.02722222222222222,0.03196969696969697,0.0052525252525252525,0.008333333333333333,0.04560606060606061,0.05722222222222222,0.00898989898989899,0.01813131313131313
80,bimodal_2_3,0.1,0.4,0.4,0.1,poisson,0.5,0.1304,0.4948,0.1412,0.2336,0.01787878787878788,0.06409090909090909,0.01782828282828283,0.030505050505050504,0.06444444444444444,0.24272727272727274,0.07156565656565657,0.11621212121212121,0.017727272727272727,0.0701010101010101,0.01898989898989899,0.03439393939393939,0.030454545454545453,0.11777777777777777,0.03313131313131313,0.052171717171717175
81,bimodal_2_3,0.1,0.4,0.4,0.1,poisson,0.5,0.124,0.4935,0.1419,0.2406,0.01585858585858586,0.05994949494949495,0.018535353535353537,0.029747474747474748,0.05898989898989899,0.24444444444444444,0.0705050505050505,0.1191919191919192,0.01782828282828283,0.0693939393939394,0.02070707070707071,0.03378787878787879,0.03101010101010101,0.1195959595959596,0.03212121212121212,0.058333333333333334
82,bimodal_2_3,0.1,0.4,0.4,0.1,poisson,0.5,0.1251,0.4932,0.1431,0.2386,0.016212121212121212,0.06166666666666667,0.01797979797979798,0.02909090909090909,0.06095959595959596,0.2432828282828283,0.0695959595959596,0.11934343434343435,0.01787878787878788,0.0705050505050505,0.02131313131313131,0.03323232323232323,0.029949494949494948,0.11772727272727272,0.03424242424242424,0.05702020202020202
83,bimodal_2_3,0.1,0.4,0.4,0.1,poisson,0.5,0.1268,0.4993,0.1369,0.237,0.016616161616161616,0.06287878787878788,0.018030303030303032,0.029292929292929294,0.061414141414141414,0.24787878787878787,0.06813131313131313,0.12171717171717172,0.01712121212121212,0.06838383838383838,0.01914141414141414,0.032424242424242425,0.03166666666666667,0.1205050505050505,0.031212121212121212,0.053585858585858584
84,bimodal_2_3,0.1,0.4,0.4,0.1,poisson,0.5,0.1314,0.4845,0.1513,0.2328,0.018636363636363635,0.06257575757575758,0.020202020202020204,0.0297979797979798,0.06383838383838383,0.23686868686868687,0.07222222222222222,0.111010101010101,0.019797979797979797,0.07227272727272727,0.02313131313131313,0.036616161616161616,0.02914141414141414,0.11282828282828283,0.03565656565656566,0.05540404040404041
85,bimodal_2_3,0.1,0.4,0.4,0.1,poisson,0.5,0.1308,0.495,0.1371,0.2371,0.01606060606060606,0.06419191919191919,0.01898989898989899,0.03161616161616162,0.0646969696969697,0.2461111111111111,0.06676767676767677,0.11757575757575757,0.01813131313131313,0.06732323232323233,0.018434343434343435,0.03303030303030303,0.03227272727272727,0.11691919191919192,0.032929292929292926,0.05494949494949495
86,bimodal_2_3,0.1,0.4,0.4,0.1,poisson,0.5,0.1256,0.4964,0.1398,0.2382,0.016414141414141416,0.06212121212121212,0.017676767676767676,0.029393939393939392,0.06202020202020202,0.24924242424242424,0.06828282828282828,0.11742424242424243,0.01818181818181818,0.06787878787878789,0.02005050505050505,0.033383838383838384,0.028838383838383837,0.11787878787878787,0.03303030303030303,0.05818181818181818
87,bimodal_2_3,0.1,0.4,0.4,0.1,poisson,0.5,0.1264,0.4901,0.1421,0.2414,0.01691919191919192,0.06191919191919192,0.01712121212121212,0.030505050505050504,0.06217171717171717,0.2409090909090909,0.07232323232323232,0.1154040404040404,0.018383838383838384,0.06696969696969697,0.02005050505050505,0.03641414141414141,0.029191919191919193,0.12025252525252525,0.032525252525252527,0.05893939393939394
88,bimodal_2_3,0.1,0.4,0.4,0.1,poisson,0.5,0.1295,0.4893,0.1413,0.2399,0.01606060606060606,0.06505050505050505,0.01813131313131313,0.030202020202020202,0.06398989898989899,0.24,0.06742424242424243,0.11717171717171718,0.018585858585858588,0.06868686868686869,0.02025252525252525,0.03419191919191919,0.03111111111111111,0.11555555555555555,0.0351010101010101,0.05848484848484849
89,bimodal_2_3,0.1,0.4,0.4,0.1,poisson,0.5,0.1232,0.4932,0.1447,0.2389,0.014444444444444444,0.06136363636363636,0.018484848484848486,0.02898989898989899,0.060505050505050506,0.24398989898989898,0.06893939393939394,0.11954545454545455,0.018484848484848486,0.07085858585858586,0.02176767676767677,0.03358585858585859,0.029545454545454545,0.11722222222222223,0.03575757575757576,0.05651515151515152
90,bimodal_2_4,0.1,0.4,0.1,0.4,poisson,0.5,0.1235,0.3962,0.1229,0.3574,0.014444444444444444,0.04964646464646465,0.014141414141414142,0.0453030303030303,0.04696969696969697,0.15636363636363637,0.050101010101010104,0.14297979797979798,0.016616161616161616,0.04919191919191919,0.014494949494949495,0.042373737373737376,0.045454545454545456,0.14095959595959595,0.04419191919191919,0.12676767676767678
91,bimodal_2_4,0.1,0.4,0.1,0.4,poisson,0.5,0.1261,0.3954,0.1216,0.3569,0.017727272727272727,0.05080808080808081,0.01494949494949495,0.04257575757575757,0.05025252525252525,0.15505050505050505,0.04782828282828283,0.14181818181818182,0.014595959595959596,0.04974747474747475,0.013383838383838383,0.04419191919191919,0.043737373737373735,0.1402020202020202,0.04494949494949495,0.12818181818181817
92,bimodal_2_4,0.1,0.4,0.1,0.4,poisson,0.5,0.1274,0.3986,0.1204,0.3536,0.01611111111111111,0.05207070707070707,0.015252525252525252,0.043686868686868684,0.05075757575757576,0.1591919191919192,0.04934343434343434,0.13954545454545456,0.015353535353535354,0.04661616161616162,0.014545454545454545,0.043787878787878785,0.04454545454545455,0.1411111111111111,0.041262626262626265,0.12681818181818183
93,bimodal_2_4,0.1,0.4,0.1,0.4,poisson,0.5,0.1291,0.3988,0.1199,0.3522,0.016565656565656565,0.052525252525252523,0.014747474747474747,0.045353535353535354,0.05101010101010101,0.15696969696969698,0.04863636363636364,0.14222222222222222,0.015909090909090907,0.046919191919191916,0.014494949494949495,0.04303030303030303,0.04575757575757576,0.14237373737373737,0.04191919191919192,0.12156565656565657
94,bimodal_2_4,0.1,0.4,0.1,0.4,poisson,0.5,0.1284,0.3937,0.1192,0.3587,0.015707070707070708,0.05101010101010101,0.013888888888888888,0.047525252525252526,0.05146464646464646,0.15515151515151515,0.046919191919191916,0.13994949494949496,0.015505050505050504,0.045404040404040405,0.0148989898989899,0.043434343434343436,0.04575757575757576,0.14176767676767676,0.043333333333333335,0.12828282828282828
95,bimodal_2_4,0.1,0.4,0.1,0.4,poisson,0.5,0.1315,0.3984,0.1157,0.3544,0.01595959595959596,0.05136363636363636,0.015303030303030303,0.04914141414141414,0.05353535353535353,0.15934343434343434,0.047373737373737373,0.13797979797979798,0.015555555555555555,0.047373737373737373,0.013181818181818182,0.04,0.04626262626262626,0.14106060606060605,0.03994949494949495,0.12661616161616163
96,bimodal_2_4,0.1,0.4,0.1,0.4,poisson,0.5,0.1271,0.3954,0.1146,0.3629,0.015707070707070708,0.05025252525252525,0.014292929292929293,0.04676767676767677,0.05121212121212121,0.15767676767676767,0.04393939393939394,0.14297979797979798,0.01494949494949495,0.0446969696969697,0.013737373737373737,0.040656565656565655,0.04565656565656566,0.14176767676767676,0.04287878787878788,0.13282828282828282
97,bimodal_2_4,0.1,0.4,0.1,0.4,poisson,0.5,0.1267,0.3987,0.1158,0.3588,0.015606060606060606,0.05065656565656566,0.014797979797979798,0.04525252525252525,0.052171717171717175,0.15676767676767678,0.048434343434343434,0.14176767676767676,0.013333333333333334,0.04494949494949495,0.013434343434343434,0.04398989898989899,0.045808080808080805,0.146010101010101,0.039141414141414144,0.12787878787878787
98,bimodal_2_4,0.1,0.4,0.1,0.4,poisson,0.5,0.1316,0.3821,0.1142,0.3721,0.017727272727272727,0.05065656565656566,0.014242424242424242,0.04893939393939394,0.04813131313131313,0.14595959595959596,0.042828282828282827,0.14505050505050504,0.014545454545454545,0.043282828282828284,0.013434343434343434,0.04318181818181818,0.05101010101010101,0.14212121212121212,0.04388888888888889,0.135
99,bimodal_2_4,0.1,0.4,0.1,0.4,poisson,0.5,0.1265,0.3909,0.1231,0.3595,0.016515151515151514,0.05035353535353535,0.015,0.04454545454545455,0.049444444444444444,0.15641414141414142,0.04565656565656566,0.1393939393939394,0.015252525252525252,0.048535353535353536,0.01585858585858586,0.043686868686868684,0.04505050505050505,0.1363131313131313,0.04666666666666667,0.13131313131313133
100,bimodal_3_4,0.1,0.1,0.4,0.4,poisson,0.5,0.0873,0.307,0.1576,0.4481,0.008333333333333333,0.02595959595959596,0.012828282828282828,0.0401010101010101,0.026313131313131313,0.0946969696969697,0.04818181818181818,0.13742424242424242,0.01308080808080808,0.04964646464646465,0.024343434343434344,0.0707070707070707,0.03944444444444444,0.1368181818181818,0.07232323232323232,0.1997979797979798
101,bimodal_3_4,0.1,0.1,0.4,0.4,poisson,0.5,0.0844,0.3083,0.1632,0.4441,0.006666666666666667,0.025656565656565655,0.014191919191919191,0.03792929292929293,0.026868686868686868,0.09358585858585859,0.05090909090909091,0.13707070707070707,0.013585858585858587,0.050555555555555555,0.02585858585858586,0.07343434343434344,0.037171717171717175,0.1384848484848485,0.07252525252525252,0.19550505050505051
102,bimodal_3_4,0.1,0.1,0.4,0.4,poisson,0.5,0.0819,0.2991,0.1636,0.4554,0.0065151515151515155,0.023686868686868687,0.014141414141414142,0.037525252525252524,0.023686868686868687,0.08757575757575757,0.050606060606060606,0.13752525252525252,0.013434343434343434,0.051515151515151514,0.026363636363636363,0.07237373737373737,0.038535353535353534,0.13696969696969696,0.07267676767676767,0.20686868686868687
103,bimodal_3_4,0.1,0.1,0.4,0.4,poisson,0.5,0.0871,0.3081,0.1594,0.4454,0.007272727272727273,0.026616161616161618,0.015202020202020203,0.038131313131313134,0.026565656565656567,0.09575757575757576,0.0504040404040404,0.13515151515151516,0.014444444444444444,0.04712121212121212,0.02419191919191919,0.07388888888888889,0.03898989898989899,0.13853535353535354,0.06974747474747475,0.19797979797979798
104,bimodal_3_4,0.1,0.1,0.4,0.4,poisson,0.5,0.0867,0.3023,0.165,0.446,0.00808080808080808,0.02595959595959596,0.013282828282828283,0.039191919191919194,0.027474747474747475,0.09146464646464647,0.04893939393939394,0.13484848484848486,0.013181818181818182,0.051161616161616165,0.027676767676767678,0.07262626262626262,0.03782828282828283,0.1340909090909091,0.075,0.1991919191919192
105,bimodal_3_4,0.1,0.1,0.4,0.4,poisson,0.5,0.0868,0.3001,0.1569,0.4562,0.007171717171717172,0.025454545454545455,0.014494949494949495,0.0398989898989899,0.025707070707070706,0.09055555555555556,0.046464646464646465,0.13737373737373737,0.014494949494949495,0.04808080808080808,0.0248989898989899,0.07005050505050504,0.039242424242424245,0.13570707070707072,0.07131313131313131,0.20909090909090908
106,bimodal_3_4,0.1,0.1,0.4,0.4,poisson,0.5,0.0894,0.3004,0.1565,0.4537,0.007424242424242424,0.027777777777777776,0.012676767676767677,0.04141414141414142,0.026717171717171716,0.09035353535353535,0.04838383838383838,0.1346969696969697,0.015202020202020203,0.04570707070707071,0.023585858585858585,0.07242424242424242,0.04055555555555555,0.1359090909090909,0.07161616161616162,0.20555555555555555
107,bimodal_3_4,0.1,0.1,0.4,0.4,poisson,0.5,0.089,0.3048,0.1555,0.4507,0.007727272727272728,0.02792929292929293,0.01398989898989899,0.039191919191919194,0.027323232323232322,0.0945959595959596,0.04606060606060606,0.13686868686868686,0.013838383838383839,0.046414141414141415,0.023989898989898988,0.07101010101010101,0.04,0.1361111111111111,0.07196969696969698,0.20297979797979798
108,bimodal_3_4,0.1,0.1,0.4,0.4,poisson,0.5,0.0867,0.3005,0.1577,0.4551,0.007525252525252525,0.02621212121212121,0.012575757575757575,0.04035353535353536,0.026060606060606062,0.08873737373737374,0.04762626262626263,0.13833333333333334,0.013181818181818182,0.047373737373737373,0.026515151515151516,0.07025252525252525,0.03984848484848485,0.13777777777777778,0.07181818181818182,0.2058080808080808
109,bimodal_3_4,0.1,0.1,0.4,0.4,poisson,0.5,0.0856,0.3064,0.1606,0.4474,0.007121212121212121,0.02772727272727273,0.014848484848484849,0.03575757575757576,0.025555555555555557,0.09505050505050505,0.04757575757575758,0.1383838383838384,0.015,0.048484848484848485,0.027373737373737373,0.06994949494949496,0.038181818181818185,0.13560606060606062,0.0707070707070707,0.20267676767676768
110,class1_light,0.1,0.3,0.3,0.3,poisson,0.5,0.1135,0.4026,0.1388,0.3451,0.012676767676767677,0.04757575757575758,0.014545454545454545,0.03893939393939394,0.04712121212121212,0.15893939393939394,0.055707070707070705,0.14085858585858585,0.015606060606060606,0.05752525252525253,0.018484848484848486,0.04712121212121212,0.03792929292929293,0.1383838383838384,0.050101010101010104,0.11848484848484848
111,class1_light,0.1,0.3,0.3,0.3,poisson,0.5,0.1194,0.3945,0.1399,0.3462,0.013585858585858587,0.04909090909090909,0.01494949494949495,0.04191919191919192,0.04878787878787879,0.15681818181818183,0.05545454545454546,0.133989898989899,0.016464646464646463,0.05303030303030303,0.01919191919191919,0.051111111111111114,0.04080808080808081,0.1358080808080808,0.0498989898989899,0.1190909090909091
112,class1_light,0.1,0.3,0.3,0.3,poisson,0.5,0.114,0.3955,0.1417,0.3488,0.012323232323232323,0.046414141414141415,0.016414141414141416,0.03878787878787879,0.04686868686868687,0.15515151515151515,0.0551010101010101,0.1388888888888889,0.015303030303030303,0.055252525252525254,0.021414141414141413,0.04964646464646465,0.039646464646464645,0.13828282828282829,0.04898989898989899,0.12151515151515152
113,class1_light,0.1,0.3,0.3,0.3,poisson,0.5,0.1141,0.3938,0.1368,0.3553,0.011111111111111112,0.0448989898989899,0.015656565656565657,0.042373737373737376,0.04464646464646465,0.1552020202020202,0.052525252525252523,0.1415151515151515,0.017474747474747476,0.052222222222222225,0.020101010101010102,0.04686868686868687,0.04095959595959596,0.141010101010101,0.04828282828282828,0.12515151515151515
114,class1_light,0.1,0.3,0.3,0.3,poisson,0.5,0.116,0.3972,0.1362,0.3506,0.012626262626262626,0.0446969696969697,0.01681818181818182,0.04207070707070707,0.04732323232323232,0.15782828282828282,0.055656565656565654,0.13656565656565656,0.015505050505050504,0.055202020202020204,0.017424242424242425,0.04787878787878788,0.04015151515151515,0.1392929292929293,0.04671717171717172,0.12424242424242424
115,class1_light,0.1,0.3,0.3,0.3,poisson,0.5,0.111,0.4028,0.1392,0.347,0.012828282828282828,0.0444949494949495,0.014444444444444444,0.03909090909090909,0.043737373737373735,0.16156565656565658,0.057323232323232325,0.1404040404040404,0.015101010101010101,0.0551010101010101,0.021262626262626264,0.04767676767676768,0.03934343434343434,0.14191919191919192,0.046464646464646465,0.11924242424242425
116,class1_light,0.1,0.3,0.3,0.3,poisson,0.5,0.1163,0.3949,0.1338,0.355,0.012424242424242424,0.04762626262626263,0.01601010101010101,0.040303030303030306,0.0448989898989899,0.15787878787878787,0.05121212121212121,0.1411111111111111,0.01606060606060606,0.05227272727272727,0.01797979797979798,0.04717171717171717,0.04297979797979798,0.13737373737373737,0.048585858585858586,0.12611111111111112
117,class1_light,0.1,0.3,0.3,0.3,poisson,0.5,0.1108,0.393,0.1387,0.3575,0.013585858585858587,0.04181818181818182,0.01601010101010101,0.039141414141414144,0.04505050505050505,0.1553030303030303,0.05287878787878788,0.14005050505050506,0.014090909090909091,0.054646464646464644,0.020202020202020204,0.04974747474747475,0.03792929292929293,0.1414141414141414,0.04984848484848485,0.12828282828282828
118,class1_light,0.1,0.3,0.3,0.3,poisson,0.5,0.1096,0.3994,0.139,0.352,0.011717171717171718,0.04388888888888889,0.016414141414141416,0.037575757575757575,0.04505050505050505,0.15878787878787878,0.054646464646464644,0.14055555555555554,0.014090909090909091,0.05606060606060606,0.019494949494949496,0.04984848484848485,0.03838383838383838,0.14095959595959595,0.04878787878787879,0.12373737373737374
119,class1_light,0.1,0.3,0.3,0.3,poisson,0.5,0.121,0.3914,0.138,0.3496,0.014292929292929293,0.04823232323232323,0.01601010101010101,0.042676767676767674,0.04803030303030303,0.15333333333333332,0.05232323232323232,0.13808080808080808,0.014696969696969696,0.05444444444444444,0.02095959595959596,0.04732323232323232,0.04419191919191919,0.13464646464646465,0.04868686868686869,0.12207070707070707
120,class2_light,0.3,0.1,0.3,0.3,poisson,0.5,0.2413,0.2992,0.1199,0.3396,0.05702020202020202,0.07444444444444444,0.027323232323232322,0.08297979797979797,0.07449494949494949,0.08722222222222223,0.03636363636363636,0.10035353535353535,0.0301010101010101,0.03439393939393939,0.014595959595959596,0.040656565656565655,0.0795959595959596,0.10308080808080808,0.04151515151515151,0.11585858585858586
121,class2_light,0.3,0.1,0.3,0.3,poisson,0.5,0.2297,0.3074,0.1216,0.3413,0.054747474747474746,0.06944444444444445,0.026616161616161618,0.07868686868686868,0.06757575757575758,0.09686868686868687,0.03808080808080808,0.10454545454545454,0.02691919191919192,0.03727272727272727,0.014848484848484849,0.04262626262626262,0.08015151515151515,0.10348484848484849,0.042222222222222223,0.1159090909090909
122,class2_light,0.3,0.1,0.3,0.3,poisson,0.5,0.2359,0.3025,0.1228,0.3388,0.05353535353535353,0.07252525252525252,0.0297979797979798,0.07929292929292929,0.07131313131313131,0.08893939393939394,0.038181818181818185,0.10454545454545454,0.029545454545454545,0.03702020202020202,0.013888888888888888,0.04247474747474748,0.08131313131313131,0.1040909090909091,0.04080808080808081,0.11272727272727273
123,class2_light,0.3,0.1,0.3,0.3,poisson,0.5,0.2278,0.303,0.1321,0.3371,0.05141414141414141,0.06858585858585858,0.030505050505050504,0.07686868686868686,0.07055555555555555,0.09166666666666666,0.04040404040404041,0.10005050505050506,0.030303030303030304,0.041616161616161614,0.01691919191919192,0.04308080808080808,0.07565656565656566,0.10075757575757575,0.0445959595959596,0.11702020202020202
124,class2_light,0.3,0.1,0.3,0.3,poisson,0.5,0.2386,0.3026,0.1144,0.3444,0.05414141414141414,0.07262626262626262,0.026818181818181817,0.085,0.07292929292929293,0.09141414141414142,0.03378787878787879,0.10479797979797979,0.02772727272727273,0.0346969696969697,0.013383838383838383,0.038686868686868686,0.08358585858585858,0.10348484848484849,0.04085858585858586,0.11606060606060606
125,class2_light,0.3,0.1,0.3,0.3,poisson,0.5,0.2332,0.2998,0.1187,0.3483,0.05414141414141414,0.07121212121212121,0.028232323232323234,0.07974747474747475,0.07,0.0892929292929293,0.036515151515151514,0.10414141414141415,0.02898989898989899,0.03494949494949495,0.013636363636363636,0.04085858585858586,0.0801010101010101,0.1043939393939394,0.0401010101010101,0.12368686868686869
126,class2_light,0.3,0.1,0.3,0.3,poisson,0.5,0.2296,0.3033,0.1261,0.341,0.05080808080808081,0.0697979797979798,0.02696969696969697,0.08217171717171717,0.06772727272727273,0.09202020202020202,0.04085858585858586,0.10252525252525252,0.03005050505050505,0.03777777777777778,0.015707070707070708,0.04247474747474748,0.08075757575757576,0.1042929292929293,0.042272727272727274,0.11378787878787879
127,class2_light,0.3,0.1,0.3,0.3,poisson,0.5,0.2351,0.304,0.1199,0.341,0.05686868686868687,0.06898989898989899,0.027575757575757576,0.08171717171717172,0.07075757575757576,0.09383838383838383,0.03439393939393939,0.10474747474747474,0.02904040404040404,0.03676767676767677,0.013282828282828283,0.040757575757575756,0.07823232323232324,0.10484848484848484,0.04404040404040404,0.11414141414141414
128,class2_light,0.3,0.1,0.3,0.3,poisson,0.5,0.2297,0.31,0.1148,0.3455,0.05383838383838384,0.06934343434343435,0.0252020202020202,0.08095959595959595,0.07277777777777777,0.0948989898989899,0.03611111111111111,0.10616161616161617,0.0248989898989899,0.03671717171717172,0.013181818181818182,0.040202020202020204,0.07818181818181819,0.10914141414141414,0.03974747474747475,0.11863636363636364
129,class2_light,0.3,0.1,0.3,0.3,poisson,0.5,0.2372,0.3099,0.1173,0.3356,0.05616161616161616,0.07378787878787879,0.026868686868686868,0.08015151515151515,0.07338383838383838,0.09550505050505051,0.03666666666666667,0.103989898989899,0.029646464646464647,0.03696969696969697,0.013787878787878788,0.03727272727272727,0.07813131313131313,0.10368686868686869,0.03994949494949495,0.11404040404040404
130,class3_light,0.3,0.3,0.1,0.3,poisson,0.5,0.2532,0.3648,0.0958,0.2862,0.06484848484848485,0.09257575757575758,0.024444444444444446,0.07161616161616162,0.08964646464646464,0.1336868686868687,0.034494949494949495,0.10651515151515152,0.025555555555555557,0.03439393939393939,0.008333333333333333,0.02696969696969697,0.07368686868686869,0.10368686868686869,0.028636363636363637,0.0809090909090909
131,class3_light,0.3,0.3,0.1,0.3,poisson,0.5,0.263,0.3603,0.0955,0.2812,0.06848484848484848,0.09863636363636363,0.02414141414141414,0.07202020202020203,0.09444444444444444,0.12853535353535353,0.034494949494949495,0.10292929292929293,0.02388888888888889,0.03368686868686869,0.010353535353535354,0.027424242424242424,0.07626262626262627,0.09924242424242424,0.026515151515151516,0.07893939393939393
132,class3_light,0.3,0.3,0.1,0.3,poisson,0.5,0.2643,0.3655,0.0931,0.2771,0.07186868686868687,0.09757575757575758,0.023232323232323233,0.07176767676767677,0.09772727272727273,0.13353535353535353,0.03303030303030303,0.10131313131313131,0.02419191919191919,0.03272727272727273,0.009191919191919192,0.02691919191919192,0.07045454545454545,0.10171717171717172,0.027525252525252526,0.07722222222222222
133,class3_light,0.3,0.3,0.1,0.3,poisson,0.5,0.2657,0.3644,0.0928,0.2771,0.0705050505050505,0.09732323232323233,0.02409090909090909,0.07404040404040405,0.09595959595959595,0.13505050505050506,0.03318181818181818,0.09994949494949495,0.025353535353535354,0.03227272727272727,0.008888888888888889,0.026464646464646465,0.07414141414141415,0.09964646464646465,0.026414141414141414,0.07671717171717171
134,class3_light,0.3,0.3,0.1,0.3,poisson,0.5,0.2597,0.3691,0.0932,0.278,0.06707070707070707,0.09535353535353536,0.023737373737373738,0.07393939393939394,0.09419191919191919,0.13712121212121212,0.03595959595959596,0.10166666666666667,0.02585858585858586,0.03434343434343434,0.008383838383838384,0.024545454545454544,0.07338383838383838,0.10161616161616162,0.0252020202020202,0.07762626262626263
135,class3_light,0.3,0.3,0.1,0.3,poisson,0.5,0.2606,0.3664,0.1043,0.2687,0.06656565656565656,0.09853535353535353,0.02772727272727273,0.06797979797979797,0.09686868686868687,0.13131313131313133,0.03898989898989899,0.09904040404040404,0.028131313131313132,0.037171717171717175,0.010202020202020202,0.028333333333333332,0.06904040404040404,0.09883838383838384,0.027474747474747475,0.07378787878787879
136,class3_light,0.3,0.3,0.1,0.3,poisson,0.5,0.2643,0.3611,0.0943,0.2803,0.0707070707070707,0.09429292929292929,0.023232323232323233,0.07585858585858586,0.09398989898989898,0.13414141414141414,0.0347979797979798,0.09808080808080807,0.025050505050505052,0.03232323232323232,0.009444444444444445,0.027575757575757576,0.07439393939393939,0.1,0.02696969696969697,0.07914141414141414
137,class3_light,0.3,0.3,0.1,0.3,poisson,0.5,0.2556,0.3675,0.091,0.2859,0.06353535353535354,0.09545454545454546,0.023737373737373738,0.07297979797979798,0.09560606060606061,0.13535353535353536,0.03222222222222222,0.10378787878787879,0.024292929292929293,0.03166666666666667,0.00808080808080808,0.02707070707070707,0.07262626262626262,0.10424242424242425,0.02702020202020202,0.08232323232323233
138,class3_light,0.3,0.3,0.1,0.3,poisson,0.5,0.2614,0.3627,0.0917,0.2842,0.06626262626262626,0.09555555555555556,0.023737373737373738,0.07570707070707071,0.09535353535353536,0.13166666666666665,0.033484848484848485,0.10257575757575757,0.025,0.03202020202020202,0.008434343434343435,0.02616161616161616,0.07515151515151515,0.10333333333333333,0.026060606060606062,0.0794949494949495
139,class3_light,0.3,0.3,0.1,0.3,poisson,0.5,0.262,0.355,0.0979,0.2851,0.06651515151515151,0.09303030303030303,0.02601010101010101,0.07641414141414142,0.09404040404040404,0.12595959595959597,0.035,0.10045454545454545,0.027121212121212122,0.03378787878787879,0.009242424242424243,0.027626262626262627,0.07383838383838384,0.10222222222222223,0.027828282828282827,0.0809090909090909
140,class4_light,0.3,0.3,0.3,0.1,poisson,0.5,0.2574,0.4323,0.1063,0.204,0.06904040404040404,0.11015151515151515,0.026262626262626262,0.05191919191919192,0.10994949494949495,0.18843434343434343,0.04656565656565657,0.08747474747474747,0.02666666666666667,0.04631313131313131,0.01196969696969697,0.02131313131313131,0.051161616161616165,0.08803030303030303,0.021515151515151515,0.04323232323232323
141,class4_light,0.3,0.3,0.3,0.1,poisson,0.5,0.2561,0.4376,0.1148,0.1915,0.065,0.11186868686868687,0.0298989898989899,0.04964646464646465,0.11464646464646465,0.18808080808080807,0.0502020202020202,0.08444444444444445,0.02797979797979798,0.052626262626262625,0.013333333333333334,0.020808080808080807,0.04833333333333333,0.0853030303030303,0.02131313131313131,0.036515151515151514
142,class4_light,0.3,0.3,0.3,0.1,poisson,0.5,0.2556,0.4384,0.1097,0.1963,0.06565656565656566,0.11409090909090909,0.027575757575757576,0.048585858585858586,0.11388888888888889,0.1901010101010101,0.04727272727272727,0.08702020202020203,0.027474747474747475,0.04732323232323232,0.013484848484848485,0.021262626262626264,0.04818181818181818,0.08651515151515152,0.021616161616161617,0.03994949494949495
143,class4_light,0.3,0.3,0.3,0.1,poisson,0.5,0.2548,0.4334,0.1121,0.1997,0.06353535353535354,0.11196969696969697,0.029595959595959596,0.0498989898989899,0.11232323232323232,0.18676767676767678,0.04823232323232323,0.08575757575757575,0.02696969696969697,0.04898989898989899,0.013181818181818182,0.023333333333333334,0.051515151515151514,0.08575757575757575,0.021212121212121213,0.04095959595959596
144,class4_light,0.3,0.3,0.3,0.1,poisson,0.5,0.2578,0.4332,0.1119,0.1971,0.06626262626262626,0.1097979797979798,0.0298989898989899,0.05181818181818182,0.11126262626262626,0.18858585858585858,0.047373737373737373,0.08616161616161616,0.028434343434343434,0.049494949494949494,0.012828282828282828,0.02095959595959596,0.052121212121212124,0.085,0.02196969696969697,0.03803030303030303
145,class4_light,0.3,0.3,0.3,0.1,poisson,0.5,0.2593,0.4379,0.1082,0.1946,0.06787878787878789,0.11247474747474748,0.027777777777777776,0.05121212121212121,0.11474747474747475,0.19101010101010102,0.04565656565656566,0.08696969696969697,0.028585858585858586,0.046464646464646465,0.012474747474747475,0.020656565656565658,0.04813131313131313,0.08752525252525252,0.022525252525252525,0.03590909090909091
146,class4_light,0.3,0.3,0.3,0.1,poisson,0.5,0.2582,0.4321,0.1114,0.1983,0.0648989898989899,0.11272727272727273,0.029747474747474748,0.05025252525252525,0.11151515151515151,0.18611111111111112,0.04919191919191919,0.08565656565656565,0.027323232323232322,0.04803030303030303,0.01202020202020202,0.023989898989898988,0.05454545454545454,0.0854040404040404,0.020202020202020204,0.03838383838383838
147,class4_light,0.3,0.3,0.3,0.1,poisson,0.5,0.2676,0.4238,0.1118,0.1968,0.07186868686868687,0.11474747474747475,0.028636363636363637,0.05196969696969697,0.11378787878787879,0.17843434343434345,0.047424242424242424,0.08419191919191919,0.030707070707070707,0.048535353535353536,0.011464646464646464,0.021212121212121213,0.05085858585858586,0.08227272727272728,0.024242424242424242,0.039646464646464645
148,class4_light,0.3,0.3,0.3,0.1,poisson,0.5,0.2623,0.4291,0.1091,0.1995,0.0692929292929293,0.1112121212121212,0.02722222222222222,0.054696969696969695,0.11222222222222222,0.18424242424242424,0.048434343434343434,0.08424242424242424,0.02909090909090909,0.047424242424242424,0.011717171717171718,0.02090909090909091,0.05181818181818182,0.08651515151515152,0.02131313131313131,0.039646464646464645
149,class4_light,0.3,0.3,0.3,0.1,poisson,0.5,0.2623,0.4378,0.1093,0.1906,0.06909090909090909,0.11520202020202021,0.02909090909090909,0.04934343434343434,0.1148989898989899,0.19095959595959597,0.047979797979797977,0.08393939393939394,0.028636363636363637,0.04909090909090909,0.010454545454545454,0.021161616161616163,0.050050505050505054,0.08247474747474748,0.02176767676767677,0.03585858585858586
